course,equivalent_course
ANTH 20100,ANTH 40100
ANTH 20100,LACS 20100
ANTH 20100,LACS 40305
ANTH 20405,MAPS 36900
ANTH 20405,ANTH 30405
ANTH 20405,CHDV 30405
ANTH 20405,HMRT 25210
ANTH 20405,HMRT 35210
ANTH 20405,SOSC 36900
ANTH 20701,HIST 10101
ANTH 20701,CRES 20701
ANTH 20702,HIST 10102
ANTH 20702,CHDV 21401
ANTH 20702,CRES 20802
ANTH 21102,ANTH 38400
ANTH 21102,EVOL 38400
ANTH 21102,HIPS 23600
ANTH 21107,ANTH 30000
ANTH 21201,CRES 21201
ANTH 21217,AFAM 21217
ANTH 21230,LACS 20400
ANTH 21230,ANTH 30705
ANTH 21230,CHDV 20400
ANTH 21230,CHDV 30401
ANTH 21230,CRES 20400
ANTH 21230,LACS 30401
ANTH 21251,ANTH 32200
ANTH 21254,LACS 21254
ANTH 21255,AFAM 21255
ANTH 21264,CRES 21264
ANTH 21303,ENST 21301
ANTH 21305,ANTH 45300
ANTH 21305,HCUL 45300
ANTH 21322,ANTH 46510
ANTH 21406,ANTH 38300
ANTH 21406,HIPS 21100
ANTH 22000,ANTH 35500
ANTH 22000,ENST 22000
ANTH 22105,ANTH 32300
ANTH 22105,HIPS 21301
ANTH 22205,ANTH 31700
ANTH 22205,CRES 22205
ANTH 22205,LACS 22205
ANTH 22205,LACS 31700
ANTH 22400,ANTH 34900
ANTH 22400,HIPS 21200
ANTH 22530,ANTH 32530
ANTH 22535,ANTH 32535
ANTH 22606,ANTH 33106
ANTH 22609,ANTH 33107
ANTH 22710,ANTH 41810
ANTH 22715,ANTH 43720
ANTH 22910,SALC 22900
ANTH 23101,LACS 16100
ANTH 23101,CRES 16101
ANTH 23101,HIST 16101
ANTH 23101,HIST 36101
ANTH 23101,LACS 34600
ANTH 23101,SOSC 26100
ANTH 23102,LACS 16200
ANTH 23102,CRES 16102
ANTH 23102,HIST 16102
ANTH 23102,HIST 36102
ANTH 23102,LACS 34700
ANTH 23102,SOSC 26200
ANTH 23103,LACS 16300
ANTH 23103,CRES 16103
ANTH 23103,HIST 16103
ANTH 23103,HIST 36103
ANTH 23103,LACS 34800
ANTH 23103,SOSC 26300
ANTH 23600,ANTH 33610
ANTH 23600,HIPS 22601
ANTH 23620,ANTH 33620
ANTH 23620,CHDV 23620
ANTH 23620,CHDV 33620
ANTH 23630,ANTH 43105
ANTH 23715,ANTH 43715
ANTH 23805,ANTH 43805
ANTH 23805,CHSS 32805
ANTH 23805,HIPS 26203
ANTH 24001,CRES 24001
ANTH 24001,HIST 18301
ANTH 24001,SOSC 24001
ANTH 24002,CRES 24002
ANTH 24002,HIST 18302
ANTH 24002,SOSC 24002
ANTH 24003,CRES 24003
ANTH 24003,HIST 18303
ANTH 24003,SALC 20702
ANTH 24003,SOSC 24003
ANTH 24101,SALC 20100
ANTH 24101,HIST 10800
ANTH 24101,SASC 20000
ANTH 24101,SOSC 23000
ANTH 24102,SALC 20200
ANTH 24102,HIST 10900
ANTH 24102,SASC 20100
ANTH 24102,SOSC 23100
ANTH 24315,CHDV 23301
ANTH 24315,ANTH 35115
ANTH 24315,CHDV 33301
ANTH 24315,HIPS 27302
ANTH 24320,CHDV 21000
ANTH 24320,AMER 33000
ANTH 24320,ANTH 35110
ANTH 24320,CHDV 31000
ANTH 24320,GNSE 21001
ANTH 24320,GNSE 31000
ANTH 24320,PSYC 23000
ANTH 24320,PSYC 33000
ANTH 24511,ANTH 34502
ANTH 24511,CHDV 38101
ANTH 24511,CRES 34501
ANTH 24511,MAPS 34500
ANTH 24511,SOSC 34500
ANTH 24512,CRES 34502
ANTH 24512,SOSC 34600
ANTH 24705,ANTH 34705
ANTH 24800,ANTH 54800
ANTH 25103,ARTV 24113
ANTH 25103,ANTH 35103
ANTH 25103,ARTV 34113
ANTH 25116,CHDV 25116
ANTH 25116,INST 27701
ANTH 25117,INST 27702
ANTH 25200,ANTH 43800
ANTH 25200,GNDR 25201
ANTH 25200,GNDR 43800
ANTH 25305,ANTH 35305
ANTH 25310,BPRO 22800
ANTH 25310,BIOS 02280
ANTH 25325,ANTH 35325
ANTH 25401,SOCI 20150
ANTH 25401,ANTH 35401
ANTH 25401,SOCI 30150
ANTH 25500,ANTH 42600
ANTH 25500,SALC 20900
ANTH 25500,SALC 30900
ANTH 25510,ENGL 24308
ANTH 25905,NEHC 30765
ANTH 25905,EEUR 23400
ANTH 25905,EEUR 33400
ANTH 25905,MUSI 23503
ANTH 25905,MUSI 33503
ANTH 25905,NEHC 20765
ANTH 26020,ANTH 46020
ANTH 26315,ANTH 36315
ANTH 26315,LACS 26315
ANTH 26315,LACS 36315
ANTH 26320,ANTH 36320
ANTH 26320,LACS 26320
ANTH 26320,LACS 36320
ANTH 26325,ANTH 36325
ANTH 26325,CRES 26325
ANTH 26325,LACS 26325
ANTH 26325,LACS 36325
ANTH 26505,ANTH 46505
ANTH 26505,ENST 26505
ANTH 26711,NEAA 20062
ANTH 26711,GEOG 25800
ANTH 26715,NEAA 20030
ANTH 27130,LING 27130
ANTH 27305,LING 29405
ANTH 27305,CHDV 20405
ANTH 27400,SLAV 23000
ANTH 27400,ANTH 37400
ANTH 27400,HUMA 27400
ANTH 27400,LING 27200
ANTH 27400,LING 37200
ANTH 27400,SLAV 33000
ANTH 27505,LING 27220
ANTH 27605,CHDV 21901
ANTH 27605,ANTH 37605
ANTH 27605,CHDV 31901
ANTH 27605,PSYC 21950
ANTH 27605,PSYC 31900
ANTH 27605,LING 27700
ANTH 27605,LING 37700
ANTH 27700,LGLN 27800
ANTH 27700,ANTH 47900
ANTH 27700,EEUR 21000
ANTH 27700,EEUR 31000
ANTH 27700,LGLN 37800
ANTH 27705,LING 27500
ANTH 27705,ANTH 47905
ANTH 27705,CRES 27500
ANTH 27705,CRES 37500
ANTH 27705,LING 37500
ANTH 28010,BIOS 13330
ANTH 28100,ANTH 38100
ANTH 28100,EVOL 38100
ANTH 28100,HIPS 24000
ANTH 28200,ANTH 38220
ANTH 28200,ENST 26201
ANTH 28210,ANTH 48210
ANTH 28210,ENST 28210
ANTH 28300,ANTH 38200
ANTH 28300,EVOL 38200
ANTH 28300,HIPS 23500
ANTH 28400,ANTH 38800
ANTH 28400,BIOS 23247
ANTH 28420,ANTH 48710
ANTH 28510,ANTH 58510
ANTH 28600,BIOS 23253
ANTH 28702,ANTH 58702
ANTH 29500,ANTH 59500
ARTH 14107,CLCV 21807
ARTH 14115,CLCV 24115
ARTH 14215,CLCV 24215
ARTH 16100,EALC 16100
ARTH 16460,LACS 16460
ARTH 16800,EALC 16806
ARTH 16809,NEAA 10631
ARTH 17410,FNDL 20502
ARTH 17612,FNDL 21411
ARTH 17735,LACS 17735
ARTH 21202,ARTH 31202
ARTH 21205,ARTH 31205
ARTH 21205,LACS 21205
ARTH 21205,LACS 31205
ARTH 21415,ARTH 31415
ARTH 21415,CLCV 21415
ARTH 21415,CLAS 31415
ARTH 22808,ARTH 32808
ARTH 23400,ARTH 33400
ARTH 23400,NEAA 20801
ARTH 23400,NEAA 30801
ARTH 23603,ARTH 33603
ARTH 23603,FREN 26303
ARTH 23603,FREN 36303
ARTH 24812,ARTH 34812
ARTH 26201,ARTV 26201
ARTH 26201,ARTH 36201
ARTH 26201,ARTV 36201
ARTH 26201,CMST 29004
ARTH 26201,CMST 39004
ARTH 26301,ARTH 36301
ARTH 26400,ARTH 36400
ARTH 26707,ARTH 36707
ARTH 26707,EALC 26707
ARTH 26707,EALC 36707
ARTH 26803,ARTH 36803
ARTH 27215,ARTH 37215
ARTH 27304,ARTH 37304
ARTH 27808,ARTH 37808
ARTH 27808,LACS 27808
ARTH 27808,LACS 37808
ARTH 28204,ARTH 38204
ARTH 29704,ARTH 39704
ARTH 29704,EALC 29704
ARTH 29704,EALC 39704
ARTH 29704,HIST 24603
ARTH 29704,HIST 34603
ASTR 18100,PHSC 18100
ASTR 18200,PHSC 18200
ASTR 18300,PHSC 18300
ASTR 21300,GEOS 22000
ASTR 23000,BPRO 23000
ASTR 23000,RLST 23603
BPRO 22610,BIOS 29313
BPRO 22610,HIPS 21911
BPRO 22610,PHIL 21610
BPRO 22800,ANTH 25310
BPRO 22800,BIOS 02280
BPRO 23000,ASTR 23000
BPRO 23000,RLST 23603
BPRO 24000,HUMA 24005
BPRO 24000,PSYC 24050
BPRO 24000,PSYC 34050
BPRO 24900,BIOS 02490
BPRO 28100,RLST 23403
BPRO 28600,BIOS 29323
BPRO 28600,CMLT 28900
BPRO 28600,HMRT 28602
BPRO 29000,CHSS 37502
BPRO 29000,ECON 26800
BPRO 29000,ENST 29000
BPRO 29000,PBPL 29000
BPRO 29000,PPHA 39201
BPRO 29000,PSMS 39000
BIOS 11119,GNSE 12000
BIOS 11125,ENST 12402
BIOS 13107,ENST 12404
BIOS 13107,NTSC 10400
BIOS 13123,NTSC 10300
BIOS 21208,BCMB 31000
BIOS 21208,MGCB 31000
BIOS 21216,HGEN 47100
BIOS 21237,DVBI 36400
BIOS 21237,MGCB 36400
BIOS 21328,BCMB 32200
BIOS 21328,BPHS 31000
BIOS 21338,CABI 34000
BIOS 21338,CPHY 34000
BIOS 21346,CABI 40300
BIOS 21346,IMMU 40300
BIOS 21346,MOMN 40300
BIOS 21349,CABI 31900
BIOS 21349,NURB 31349
BIOS 21356,DVBI 35600
BIOS 21356,MGCB 35600
BIOS 21357,MPMM 33000
BIOS 21358,BCMB 31358
BIOS 21358,CPNS 31358
BIOS 21407,MGCB 34300
BIOS 21416,DVBI 36200
BIOS 22242,EVOL 34200
BIOS 22242,ORGB 34200
BIOS 22243,EVOL 34300
BIOS 22243,ORGB 34300
BIOS 22244,EVOL 34100
BIOS 22250,EVOL 30250
BIOS 22250,ORGB 30250
BIOS 22306,ORGB 33850
BIOS 22306,DVBI 33850
BIOS 22306,EVOL 33850
BIOS 23247,ANTH 28400
BIOS 23247,ANTH 38800
BIOS 23249,CHDV 23249
BIOS 23249,PSYC 23249
BIOS 23253,ANTH 28600
BIOS 23258,ECEV 44001
BIOS 23258,EVOL 44001
BIOS 23261,GEOS 26300
BIOS 23261,EVOL 32400
BIOS 23261,GEOS 36300
BIOS 23281,EVOL 32600
BIOS 23281,ECEV 32500
BIOS 23281,GENE 32500
BIOS 23281,DVBI 32500
BIOS 23281,ORGB 32600
BIOS 23289,ENST 23289
BIOS 23299,DVBI 36100
BIOS 23299,ECEV 32900
BIOS 23299,MGCB 36100
BIOS 23404,EVOL 35401
BIOS 23406,ENST 25500
BIOS 23406,EVOL 45500
BIOS 23406,GEOG 25500
BIOS 23406,GEOG 35500
BIOS 24205,PSYC 24000
BIOS 24205,PSYC 31200
BIOS 24206,CPNS 34206
BIOS 24231,CPNS 34231
BIOS 24232,CPNS 33200
BIOS 24232,ORGB 34650
BIOS 24232,PSYC 34410
BIOS 24246,CPNS 34600
BIOS 24246,NURB 34600
BIOS 24246,CCTS 40100
BIOS 24247,CPNS 34700
BIOS 24247,NURB 34700
BIOS 24408,CPNS 32111
BIOS 25129,NURB 33800
BIOS 25206,MICR 30600
BIOS 25216,MICR 31600
BIOS 25226,CPHY 33600
BIOS 25226,NPHP 33600
BIOS 25258,IMMU 30010
BIOS 25258,PATH 30010
BIOS 25266,IMMU 30266
BIOS 25287,MICR 34600
BIOS 25310,CABI 47510
BIOS 25310,CCTS 40006
BIOS 25320,CABI 40600
BIOS 25419,HSTD 31300
BIOS 26210,CPNS 31000
BIOS 26210,PSYC 36210
BIOS 26211,CPNS 31100
BIOS 26211,PSYC 36211
BIOS 28407,BPHS 47300
BIOS 28407,CABI 47300
BIOS 28407,HGEN 47300
BIOS 28407,IMMU 47300
BIOS 02280,BPRO 22800
BIOS 02280,ANTH 25310
BIOS 02490,BPRO 24900
BIOS 29270,HIPS 25902
BIOS 29279,CCTS 43000
BIOS 29280,PSYC 22750
BIOS 29294,CCTS 43000
BIOS 29294,HSTD 30030
BIOS 29300,PSYC 20300
BIOS 29313,BPRO 22610
BIOS 29313,HIPS 21911
BIOS 29313,PHIL 21610
BIOS 29317,GNSE 29302
BIOS 29317,GNSE 30500
BIOS 29317,HSTD 30500
BIOS 29318,HSTD 30900
BIOS 29318,ENST 27400
BIOS 29318,PPHA 36400
BIOS 29318,STAT 35000
BIOS 29321,RETH 30300
BIOS 29323,BPRO 28600
BIOS 29323,CMLT 28900
BIOS 29323,HMRT 28602
CHEM 32500,BCMB 32500
ANTH 21201,CRES 21201
CMST 21801,ARTV 26750
CMST 21801,ARTV 36750
CMST 21801,CMST 31801
CMST 21801,HMRT 25104
CMST 21801,HMRT 35104
ECON 26600,GEOG 26600
ECON 26600,GEOG 36600
ECON 26600,LLSO 26202
ECON 26600,PBPL 24500
ENGL 22800,AMER 40800
ENGL 22800,ENGL 42800
ENGL 22800,MAPH 42800
GEOG 23500,GEOG 33500
GEOG 26100,ENST 26100
GEOG 26100,GEOG 36100
GEOG 26100,HIST 28900
GEOG 26100,HIST 38900
HIST 27705,CRES 27705
HIST 27705,HIST 37705
HIST 27705,LLSO 22210
PBPL 25405,CRES 25405
SOSC 25501,UTEP 35501
SOSC 25502,UTEP 35502
SOSC 25503,UTEP 35503
SOCI 20142,SOCI 30142
CMST 10100,ARTH 20000
CMST 10100,ARTV 25300
CMST 10100,ENGL 10800
CMST 10300,ARTV 10300
CMST 10300,TAPS 23400
CMST 21020,CMST 31020
CMST 21801,ARTV 26750
CMST 21801,ARTV 36750
CMST 21801,CMST 31801
CMST 21801,HMRT 25104
CMST 21801,HMRT 35104
CMST 21810,CMST 31810
CMST 23202,ITAL 23203
CMST 23202,CMST 32302
CMST 23202,ITAL 33203
CMST 23404,CMST 33404
CMST 23904,ARTV 23904
CMST 23904,ARTV 33904
CMST 23930,ARTV 23930
CMST 24106,SALC 20508
CMST 24106,HIST 26707
CMST 24106,HIST 36707
CMST 24106,SALC 30508
CMST 24204,ENGL 24807
CMST 24400,POLI 22400
CMST 24400,CMST 34400
CMST 24400,POLI 32400
CMST 24612,CMST 34612
CMST 24620,EALC 16600
CMST 24620,GNSE 16610
CMST 24914,EALC 24930
CMST 25204,HUMA 25202
CMST 25204,HIPS 25203
CMST 25204,LLSO 27801
CMST 25204,TAPS 28452
CMST 25215,GRMN 25215
CMST 25215,ENGL 25215
CMST 25521,EEUR 39301
CMST 25521,CMST 35521
CMST 25521,EEUR 29301
CMST 26302,CMST 36302
CMST 26302,FNDL 26507
CMST 26610,CMST 36610
CMST 26610,FNDL 26504
CMST 27220,CMST 37220
CMST 27230,CMST 37230
CMST 27600,ARTV 24000
CMST 27600,ARTV 34000
CMST 27600,CMST 37600
CMST 27810,CMST 37810
CMST 28005,ARTV 23848
CMST 28005,ARTV 33848
CMST 28100,CMST 38100
CMST 28100,MUSI 22901
CMST 28100,MUSI 30901
CMST 28500,ARTH 28500
CMST 28500,ARTH 38500
CMST 28500,ARTV 26500
CMST 28500,ARTV 36500
CMST 28500,CMLT 22400
CMST 28500,CMLT 32400
CMST 28500,CMST 48500
CMST 28500,ENGL 29300
CMST 28500,ENGL 48700
CMST 28500,MAPH 36000
CMST 28600,ARTH 28600
CMST 28600,ARTH 38600
CMST 28600,ARTV 26600
CMST 28600,CMLT 22500
CMST 28600,CMLT 32500
CMST 28600,CMST 48600
CMST 28600,ENGL 29600
CMST 28600,ENGL 48900
CMST 28600,MAPH 33700
CMST 28801,ARTV 22500
CMST 28801,ARTV 32500
CMST 28801,CMST 38801
CMST 28903,ARTV 23801
CMST 28903,ARTV 33801
CMST 29004,ARTV 26201
CMST 29004,ARTH 26201
CMST 29004,ARTH 36201
CMST 29004,ARTV 36201
CMST 29004,CMST 39004
CRES 24001,ANTH 24001
CRES 24001,HIST 18301
CRES 24001,SOSC 24001
CRES 24002,ANTH 24002
CRES 24002,HIST 18302
CRES 24002,SOSC 24002
CRES 24003,ANTH 24003
CRES 24003,HIST 18303
CRES 24003,SALC 20702
CRES 24003,SOSC 24003
EALC 10800,HIST 15100
EALC 10800,CRES 10800
EALC 10800,SOSC 23500
EALC 10900,HIST 15200
EALC 10900,CRES 10900
EALC 10900,SOSC 23600
EALC 11000,HIST 15300
EALC 11000,CRES 11000
EALC 11000,SOSC 23700
EALC 15400,HIST 15400
EALC 15400,CRES 11200
EALC 15400,SOSC 23801
HIPS 17300,HIST 17300
HIPS 17400,HIST 17400
HIPS 17402,HIST 17402
HIPS 17501,HIST 17501
HIPS 17502,HIST 17502
HIPS 17503,HIST 17503
HIST 10101,ANTH 20701
HIST 10101,CRES 20701
HIST 10102,ANTH 20702
HIST 10102,CHDV 21401
HIST 10102,CRES 20802
HIST 13900,RUSS 25100
HIST 13900,SOSC 24000
HIST 14000,RUSS 25200
HIST 14000,SOSC 24100
HIST 16700,CLCV 20700
HIST 16800,CLCV 20800
HIST 16900,CLCV 20900
JWSC 20001,CRES 20001
JWSC 20001,HIST 22113
JWSC 20001,NEHC 20401
JWSC 20001,NEHC 30401
JWSC 20001,RLST 20604
JWSC 20002,HIST 22406
JWSC 20002,NEHC 20402
JWSC 20002,NEHC 30402
JWSC 20002,RLST 25801
JWSC 20003,HIST 22202
JWSC 20003,NEHC 20403
JWSC 20003,NEHC 30403
JWSC 20003,RLST 20605
JWSC 20004,RLST 11005
JWSC 20004,BIBL 31000
JWSC 20005,NEHC 20405
JWSC 20005,NEHC 30405
JWSC 20005,RLST 20408
JWSC 20006,NEHC 20406
JWSC 20006,NEHC 30406
JWSC 20006,CMLT 20401
JWSC 20006,CMLT 30401
JWSC 20006,RLST 20406
JWSC 20006,RLIT 30406
JWSC 20006,FNDL 20415
LACS 16100,ANTH 23101
LACS 16100,CRES 16101
LACS 16100,HIST 16101
LACS 16100,HIST 36101
LACS 16100,LACS 34600
LACS 16100,SOSC 26100
LACS 16200,ANTH 23102
LACS 16200,CRES 16102
LACS 16200,HIST 16102
LACS 16200,HIST 36102
LACS 16200,LACS 34700
LACS 16200,SOSC 26200
LACS 16300,ANTH 23103
LACS 16300,CRES 16103
LACS 16300,HIST 16103
LACS 16300,HIST 36103
LACS 16300,LACS 34800
LACS 16300,SOSC 26300
MUSI 12100,HIST 12700
MUSI 12100,SOSC 21100
MUSI 12200,HIST 12800
MUSI 12200,SOSC 21200
NEHC 20004,NEHC 30004
NEHC 20005,NEHC 30005
NEHC 20006,NEHC 30006
NEHC 30004,NEHC 20004
NEHC 20011,NEHC 30011
NEHC 20011,CLCV 25700
NEHC 20011,HIST 15602
NEHC 20012,NEHC 30012
NEHC 20012,CLCV 25800
NEHC 20012,HIST 15603
NEHC 20013,NEHC 30013
NEHC 20013,CLCV 25900
NEHC 20013,HIST 15604
NEHC 30011,CLCV 25700
NEHC 30011,HIST 15602
NEHC 30011,NEHC 20011
NEHC 20416,HIST 15702
NEHC 20417,HIST 15703
NEHC 20418,HIST 15704
NEHC 20501,NEHC 30501
NEHC 20501,HIST 25704
NEHC 20501,HIST 35704
NEHC 20501,ISLM 30500
NEHC 20501,RLST 20501
NEHC 20502,NEHC 30502
NEHC 20502,HIST 25804
NEHC 20502,HIST 35804
NEHC 20502,ISLM 30600
NEHC 20503,NEHC 30503
NEHC 20503,HIST 25904
NEHC 20503,HIST 35904
NEHC 20503,ISLM 30700
NEHC 30501,HIST 25704
NEHC 30501,HIST 35704
NEHC 30501,ISLM 30500
NEHC 30501,RLST 20501
NEHC 30501,NEHC 20501
NEHC 20601,NEHC 30601
NEHC 20601,RLST 20401
NEHC 20601,SOSC 22000
NEHC 20602,NEHC 30602
NEHC 20602,RLST 20402
NEHC 20602,SOSC 22100
NEHC 20603,NEHC 30603
NEHC 20603,RLST 20403
NEHC 20603,SOSC 22200
NEHC 30601,RLST 20401
NEHC 30601,SOSC 22000
NEHC 30601,NEHC 20601
NEHC 30602,RLST 20402
NEHC 30602,SOSC 22100
NEHC 30602,NEHC 20602
NEHC 30603,RLST 20403
NEHC 30603,SOSC 22200
NEHC 30603,NEHC 20603
SALC 20100,ANTH 24101
SALC 20100,HIST 10800
SALC 20100,SASC 20000
SALC 20100,SOSC 23000
SALC 20200,ANTH 24102
SALC 20200,HIST 10900
SALC 20200,SASC 20100
SALC 20200,SOSC 23100
CLCV 14113,ARTH 14105
CLCV 20200,HIST 25701
CLCV 20200,CLAS 30200
CLCV 20200,CMES 30634
CLCV 20200,CRES 25701
CLCV 20200,HIST 35701
CLCV 20200,NEHC 20634
CLCV 20200,NEHC 30634
CLCV 20700,HIST 16700
CLCV 20800,HIST 16800
CLCV 20900,HIST 16900
CLCV 21200,ENGL 13800
CLCV 21200,CLAS 31200
CLCV 21200,CMLT 20500
CLCV 21200,CMLT 30500
CLCV 21200,ENGL 31000
CLCV 21200,TAPS 28400
CLCV 21415,ARTH 21415
CLCV 21415,ARTH 31415
CLCV 21415,CLAS 31415
CLCV 21700,HIST 20901
CLCV 21700,HIST 39800
CLCV 21700,CLAS 31700
CLCV 21700,ANCM 31700
CLCV 21807,ARTH 14107
CLCV 21812,ARTH 14307
CLCV 22114,FNDL 21416
CLCV 22314,RLST 22311
CLCV 22514,CLAS 32514
CLCV 22700,PHIL 25000
CLCV 23514,CLAS 33514
CLCV 23915,PLSC 23915
CLCV 23915,CLAS 33915
CLCV 23915,FNDL 23915
CLCV 23915,PLSC 33915
CLCV 24113,ARTH 24105
CLCV 24115,ARTH 14115
CLCV 24215,ARTH 14215
CLCV 24306,HIST 21701
CLCV 24306,HIST 31701
CLCV 24306,CLAS 34306
CLCV 24307,HIST 21702
CLCV 24307,HIST 31702
CLCV 24307,CLAS 34307
CLCV 24506,HIST 20802
CLCV 24506,HIST 30802
CLCV 24506,CLAS 34506
CLCV 24914,CLAS 34914
CLCV 25510,FNDL 21901
CLCV 25700,NEHC 30011
CLCV 25700,HIST 15602
CLCV 25700,NEHC 20011
CLCV 25800,NEHC 30012
CLCV 25800,HIST 15603
CLCV 25800,NEHC 20012
CLCV 25900,NEHC 30013
CLCV 25900,HIST 15604
CLCV 25900,NEHC 20013
CLCV 26514,CLAS 36514
CLCV 26514,NEHC 26514
CLCV 26514,NEHC 36514
CLCV 26914,CLAS 36914
CLCV 26914,NEHC 26914
CLCV 26914,NEHC 36914
CLCV 27514,TAPS 28472
CLCV 27714,CLAS 37714
GREK 21100,GREK 31100
GREK 21200,GREK 31200
GREK 21200,BIBL 31200
GREK 21300,GREK 31300
GREK 21700,GREK 31700
GREK 21800,GREK 31800
GREK 21900,GREK 31900
GREK 22314,GREK 32314
GREK 22400,GREK 32400
GREK 22400,HIST 20403
GREK 22400,HIST 30403
GREK 22500,GREK 32500
GREK 26100,BIBL 44300
GREK 26100,GREK 36100
GREK 27100,BIBL 49800
GREK 27100,GREK 37100
LATN 21100,CMLT 21101
LATN 21100,CMLT 31101
LATN 21100,LATN 31100
LATN 21200,LATN 31200
LATN 21300,FNDL 25201
LATN 21300,LATN 31300
LATN 21700,LATN 31700
LATN 21800,LATN 31800
LATN 21900,LATN 31900
LATN 22100,LATN 32100
LATN 22100,FNDL 24212
LATN 22200,LATN 32200
LATN 22300,LATN 32300
LATN 22400,LATN 32400
LATN 25000,LATN 35000
LATN 25000,FNDL 24310
LATN 26513,FNDL 26513
LATN 26513,LATN 36513
LATN 28614,PHIL 34208
LATN 28614,FNDL 24208
LATN 28614,PHIL 24208
LATN 28614,LAWS 52403
LATN 28614,CLAS 38614
LATN 28614,RETH 38614
CHDV 20000,PSYC 20850
CHDV 20100,PSYC 21100
CHDV 20101,CHDV 30101
CHDV 20129,CHDV 30129
CHDV 20129,SOCI 30129
CHDV 20150,LING 30150
CHDV 20150,CHDV 30150
CHDV 20150,LING 20150
CHDV 20207,CRES 20207
CHDV 20209,PSYC 20209
CHDV 20304,PBPL 29304
CHDV 20304,SOCI 30314
CHDV 20305,CHDV 40315
CHDV 20305,CRES 20305
CHDV 20305,PBPL 20305
CHDV 20400,LACS 20400
CHDV 20400,ANTH 21230
CHDV 20400,ANTH 30705
CHDV 20400,CHDV 30401
CHDV 20400,CRES 20400
CHDV 20400,LACS 30401
CHDV 20405,LING 29405
CHDV 20405,ANTH 27305
CHDV 21000,AMER 33000
CHDV 21000,ANTH 24320
CHDV 21000,ANTH 35110
CHDV 21000,CHDV 31000
CHDV 21000,GNSE 21001
CHDV 21000,GNSE 31000
CHDV 21000,PSYC 23000
CHDV 21000,PSYC 33000
CHDV 21401,HIST 10102
CHDV 21401,ANTH 20702
CHDV 21401,CRES 20802
CHDV 21500,GNSE 21500
CHDV 21500,HIPS 22401
CHDV 21800,CHDV 34300
CHDV 21901,ANTH 27605
CHDV 21901,ANTH 37605
CHDV 21901,CHDV 31901
CHDV 21901,PSYC 21950
CHDV 21901,PSYC 31900
CHDV 21901,LING 27700
CHDV 21901,LING 37700
CHDV 23204,CHDV 43204
CHDV 23249,BIOS 23249
CHDV 23249,PSYC 23249
CHDV 23301,ANTH 24315
CHDV 23301,ANTH 35115
CHDV 23301,CHDV 33301
CHDV 23301,HIPS 27302
CHDV 23620,ANTH 23620
CHDV 23620,ANTH 33620
CHDV 23620,CHDV 33620
CHDV 23900,PSYC 23200
CHDV 23900,LING 21600
CHDV 24402,CHDV 34402
CHDV 24402,MAPS 34400
CHDV 25116,ANTH 25116
CHDV 25116,INST 27701
CHDV 25120,PBPL 25120
CHDV 25120,PSYC 25120
CHDV 25900,PSYC 20500
CHDV 26000,PSYC 20600
CHDV 26233,PSYC 26219
CHDV 26303,CHDV 36303
CHDV 26303,MAPS 36300
CHDV 26310,HMRT 28310
CHDV 26310,HMRT 38310
CHDV 27317,JWSC 24500
CHDV 27317,CRES 27317
CHDV 27700,CHDV 31800
CHDV 27821,SOCI 20226
CHDV 27821,PBPL 27821
CHDV 27901,LACS 27901
CHDV 27901,CHDV 47901
CHDV 27901,LACS 47901
CHDV 27902,LACS 27902
CHDV 27902,CHDV 47902
CHDV 27903,LACS 27903
CHDV 27903,CHDV 47903
CHDV 27903,LACS 47903
CHDV 27950,CHDV 37950
CHDV 29301,CHDV 39301
CMLT 20500,ENGL 13800
CMLT 20500,CLAS 31200
CMLT 20500,CLCV 21200
CMLT 20500,CMLT 30500
CMLT 20500,ENGL 31000
CMLT 20500,TAPS 28400
CMLT 20600,ENGL 13900
CMLT 20600,CMLT 30600
CMLT 20600,ENGL 31100
CMLT 20600,TAPS 28401
CMLT 21101,LATN 21100
CMLT 21101,CMLT 31101
CMLT 21101,LATN 31100
CMLT 21202,ENGL 24404
CMLT 21202,ENGL 44509
CMLT 21202,CMLT 41202
CMLT 21202,CMST 24508
CMLT 21202,CMST 44508
CMLT 21202,TAPS 28418
CMLT 22301,RUSS 22302
CMLT 22301,CMLT 32301
CMLT 22301,ENGL 28912
CMLT 22301,ENGL 32302
CMLT 22301,FNDL 27103
CMLT 22301,HIST 23704
CMLT 22301,RUSS 32302
CMLT 22400,CMST 28500
CMLT 22400,ARTH 28500
CMLT 22400,ARTH 38500
CMLT 22400,ARTV 26500
CMLT 22400,ARTV 36500
CMLT 22400,CMLT 32400
CMLT 22400,CMST 48500
CMLT 22400,ENGL 29300
CMLT 22400,ENGL 48700
CMLT 22400,MAPH 36000
CMLT 22500,CMST 28600
CMLT 22500,ARTH 28600
CMLT 22500,ARTH 38600
CMLT 22500,ARTV 26600
CMLT 22500,CMLT 32500
CMLT 22500,CMST 48600
CMLT 22500,ENGL 29600
CMLT 22500,ENGL 48900
CMLT 22500,MAPH 33700
CMLT 23201,SOSL 27200
CMLT 23201,CMLT 33201
CMLT 23201,NEHC 20885
CMLT 23201,NEHC 30885
CMLT 23201,SOSL 37200
CMLT 23401,SOSL 27300
CMLT 23401,CMLT 33401
CMLT 23401,HIST 24005
CMLT 23401,HIST 34005
CMLT 23401,NEHC 20573
CMLT 23401,NEHC 30573
CMLT 23401,SOSL 37300
CMLT 23702,ENGL 25931
CMLT 23702,ENGL 42409
CMLT 23702,CMLT 33702
CMLT 24220,SPAN 24220
CMLT 24220,CMLT 34220
CMLT 24220,FNDL 22405
CMLT 24220,REMS 34220
CMLT 24220,RLLT 34220
CMLT 24220,SPAN 34220
CMLT 24270,MAPH 34310
CMLT 24270,CMLT 34271
CMLT 24270,ENGL 27807
CMLT 24408,ENGL 24408
CMLT 24408,TAPS 28438
CMLT 25001,PHIL 24800
CMLT 25001,FNDL 22001
CMLT 25001,GNSE 23100
CMLT 25001,HIPS 24300
CMLT 25009,EALC 25009
CMLT 25009,SALC 27300
CMLT 25010,ENGL 25010
CMLT 25011,ENGL 24409
CMLT 25102,PHIL 21910
CMLT 25102,PHIL 31910
CMLT 25102,CMLT 35102
CMLT 25102,DVPR 35100
CMLT 25102,CHSS 31910
CMLT 25102,HIPS 21910
CMLT 26014,GRMN 26014
CMLT 26400,ITAL 22200
CMLT 26700,ITAL 36200
CMLT 26700,CMLT 36700
CMLT 26700,ITAL 26200
CMLT 26701,ITAL 33900
CMLT 26701,CMLT 36701
CMLT 26701,FNDL 21103
CMLT 26701,ITAL 23900
CMLT 27014,EALC 27014
CMLT 27014,CMLT 37014
CMLT 27014,EALC 37014
CMLT 27014,FNDL 21907
CMLT 27114,GRMN 27114
CMLT 27402,EALC 28620
CMLT 27402,EALC 38620
CMLT 27402,CMLT 37402
CMLT 27701,SOSL 37700
CMLT 27701,CMLT 37701
CMLT 27701,RUSS 27300
CMLT 27701,RUSS 37300
CMLT 27701,SOSL 27700
CMLT 28610,GRMN 25013
CMLT 28900,BIOS 29323
CMLT 28900,BPRO 28600
CMLT 28900,HMRT 28602
CRES 20206,HIST 20206
CRES 20206,GNSE 23503
CRES 20206,GNSE 32603
CRES 20206,HIST 30206
CRES 20701,HIST 10101
CRES 20701,ANTH 20701
CRES 22205,ANTH 22205
CRES 22205,ANTH 31700
CRES 22205,LACS 22205
CRES 22205,LACS 31700
CRES 24201,ENGL 27600
CRES 24201,AFAM 21900
CRES 24201,CMLT 22900
CRES 24201,CMLT 42900
CRES 24201,CMST 24201
CRES 24201,CMST 34201
CRES 24201,CRES 34201
CRES 24201,ENGL 48601
CRES 25701,HIST 25701
CRES 25701,CLAS 30200
CRES 25701,CLCV 20200
CRES 25701,CMES 30634
CRES 25701,HIST 35701
CRES 25701,NEHC 20634
CRES 25701,NEHC 30634
CRES 20104,SOCI 20104
CRES 20104,GEOG 22700
CRES 20104,GEOG 32700
CRES 20104,SOCI 30104
CRES 20104,SOSC 25100
CRES 21201,ANTH 21201
CRES 22150,PLSC 22150
CRES 22150,LLSO 25902
CRES 24601,RLST 24601
CRES 24601,AFAM 24601
CRES 25405,PBPL 25405
CRES 27301,AFAM 27305
CRES 27301,HIST 27301
CRES 27403,HIST 27403
CRES 27403,CRES 37403
CRES 27403,HIST 37403
CRES 27705,HIST 27705
CRES 27705,HIST 37705
CRES 27705,LLSO 22210
CRES 10800,HIST 15100
CRES 10800,EALC 10800
CRES 10800,SOSC 23500
CRES 10900,HIST 15200
CRES 10900,EALC 10900
CRES 10900,SOSC 23600
CRES 11000,HIST 15300
CRES 11000,EALC 11000
CRES 11000,SOSC 23700
CRES 14400,HIST 14400
CRES 14400,JAPN 14405
CRES 17602,HIST 17602
CRES 21264,ANTH 21264
CRES 24255,EALC 24255
CRES 24255,EALC 34255
CRES 24255,HIST 24507
CRES 24255,HIST 34507
CRES 24706,EALC 24706
CRES 24706,HIST 24706
CRES 27900,HIST 27900
CRES 27900,EALC 27907
CRES 27900,EALC 37907
CRES 27900,HIST 37900
CRES 16101,LACS 16100
CRES 16101,ANTH 23101
CRES 16101,HIST 16101
CRES 16101,HIST 36101
CRES 16101,LACS 34600
CRES 16101,SOSC 26100
CRES 16102,LACS 16200
CRES 16102,ANTH 23102
CRES 16102,HIST 16102
CRES 16102,HIST 36102
CRES 16102,LACS 34700
CRES 16102,SOSC 26200
CRES 16103,LACS 16300
CRES 16103,ANTH 23103
CRES 16103,HIST 16103
CRES 16103,HIST 36103
CRES 16103,LACS 34800
CRES 16103,SOSC 26300
CRES 20400,LACS 20400
CRES 20400,ANTH 21230
CRES 20400,ANTH 30705
CRES 20400,CHDV 20400
CRES 20400,CHDV 30401
CRES 20400,LACS 30401
CRES 21903,SPAN 21903
CRES 21903,LACS 21903
CRES 22401,ENGL 22815
CRES 22401,GNSE 22802
CRES 22401,LACS 22815
CRES 22401,SPAN 22815
CRES 24901,PBPL 24901
CRES 24901,LACS 24901
CRES 28000,HIST 28000
CRES 28000,HIST 38000
CRES 28000,AMER 28001
CRES 28000,GNSE 28202
CRES 28000,LACS 28000
CRES 28000,LACS 38000
CRES 36500,HIST 26500
CRES 36500,CRES 26500
CRES 36500,HIST 36500
CRES 36500,LACS 26500
CRES 36500,LACS 36500
CRES 36500,LLSO 26500
CRES 34501,ANTH 24511
CRES 34501,ANTH 34502
CRES 34501,CHDV 38101
CRES 34501,MAPS 34500
CRES 34501,SOSC 34500
CRES 34502,ANTH 24512
CRES 34502,SOSC 34600
CRES 10200,MUSI 10200
CRES 20001,JWSC 20001
CRES 20001,HIST 22113
CRES 20001,NEHC 20401
CRES 20001,NEHC 30401
CRES 20001,RLST 20604
CRES 20104,SOCI 20104
CRES 20104,GEOG 22700
CRES 20104,GEOG 32700
CRES 20104,SOCI 30104
CRES 20104,SOSC 25100
CRES 20140,SOCI 20140
CRES 20173,SOCI 20173
CRES 20173,CRES 30173
CRES 20173,SOCI 30173
CRES 20207,CHDV 20207
CRES 21903,SPAN 21903
CRES 21903,LACS 21903
CRES 22205,ANTH 22205
CRES 22205,ANTH 31700
CRES 22205,LACS 22205
CRES 22205,LACS 31700
CRES 23410,ENGL 23410
CRES 23833,ARTV 23833
CRES 23833,ARTV 33833
CRES 23833,CRES 38333
CRES 23833,MUSI 26114
CRES 23833,MUSI 38214
CRES 23833,TAPS 28429
CRES 24001,ANTH 24001
CRES 24001,HIST 18301
CRES 24001,SOSC 24001
CRES 24002,ANTH 24002
CRES 24002,HIST 18302
CRES 24002,SOSC 24002
CRES 24003,ANTH 24003
CRES 24003,HIST 18303
CRES 24003,SALC 20702
CRES 24003,SOSC 24003
CRES 24913,LACS 24913
CRES 24913,RLST 24913
CRES 26201,PLSC 26201
CRES 26201,AFAM 26201
CRES 26801,PBPL 26801
CRES 27317,JWSC 24500
CRES 27317,CHDV 27317
CRES 27400,HIST 27400
CRES 27400,AFAM 27403
CRES 27400,CRES 37400
CRES 27400,HIST 37400
CRES 27400,LLSO 28711
CRES 27605,AMER 27605
CRES 27605,GNSE 27605
CRES 27605,HMRT 27061
CRES 27605,LLSO 28010
CRES 27605,HIST 27605
CRES 28703,HIST 28703
CRES 28807,HIST 28807
CRES 28807,AMER 28807
CRES 29302,HMRT 20200
CRES 29302,HIST 29302
CRES 29302,HIST 39302
CRES 29302,HMRT 30200
CRES 29302,INRE 31700
CRES 29302,LAWS 41301
CRES 29302,LLSO 27100
CRES 29626,HIST 29626
CRES 30173,SOCI 20173
CRES 30173,CRES 20173
CRES 30173,SOCI 30173
CRES 37400,HIST 27400
CRES 37400,AFAM 27403
CRES 37400,CRES 27400
CRES 37400,HIST 37400
CRES 37400,LLSO 28711
CRES 40110,CHDV 40110
BIOS 24231,CPNS 34231
BIOS 24232,CPNS 33200
BIOS 24232,ORGB 34650
BIOS 24232,PSYC 34410
BIOS 24246,CPNS 34600
BIOS 24246,NURB 34600
BIOS 24246,CCTS 40100
BIOS 24408,CPNS 32111
BIOS 26210,CPNS 31000
BIOS 26210,PSYC 36210
BIOS 26211,CPNS 31100
BIOS 26211,PSYC 36211
CMSC 22620,CMSC 32620
CMSC 23300,CMSC 33300
CMSC 23310,CMSC 33310
CMSC 23400,CMSC 33400
CMSC 23800,CSPP 53800
CMSC 25020,CMSC 35050
CMSC 25020,LING 28600
CMSC 25020,LING 38600
CMSC 25025,STAT 37601
CMSC 25050,CMSC 35500
CMSC 25050,STAT 37900
CMSC 25400,STAT 27725
CMSC 27700,MATH 27700
CMSC 27800,MATH 27800
CMSC 28000,MATH 28000
CMSC 28100,MATH 28100
CRWR 10200,CRWR 30200
CRWR 10300,CRWR 30300
CRWR 10400,CRWR 30400
CRWR 12000,CRWR 32000
CRWR 13000,CRWR 33000
CRWR 13006,CRWR 33006
CRWR 14000,CRWR 34000
CRWR 22100,CRWR 42100
CRWR 23100,CRWR 43100
CRWR 24100,CRWR 44100
CRWR 28200,CRWR 48200
CRWR 29200,CRWR 49200
CRWR 29300,CRWR 49300
CRWR 29400,CRWR 49400
CHIN 20401,CHIN 30100
CHIN 20402,CHIN 30200
CHIN 20403,CHIN 30300
CHIN 20501,CHIN 41100
CHIN 20502,CHIN 41200
CHIN 20503,CHIN 41300
CHIN 20508,CHIN 40800
CHIN 20509,CHIN 40900
CHIN 20510,CHIN 41000
CHIN 20601,CHIN 51100
CHIN 20602,CHIN 51200
CHIN 20603,CHIN 51300
CHIN 20701,CHIN 31100
CHIN 20702,CHIN 31200
CHIN 20703,CHIN 31300
JAPN 19000,EALC 19001
JAPN 19000,JAPN 39000
JAPN 20401,JAPN 30100
JAPN 20402,JAPN 30200
JAPN 20403,JAPN 30300
JAPN 20500,JAPN 40500
JAPN 20600,JAPN 40600
JAPN 20700,JAPN 40700
KORE 20401,KORE 30100
KORE 20402,KORE 30200
KORE 20403,KORE 30300
KORE 22100,KORE 42100
KORE 22200,KORE 42200
KORE 22300,KORE 42300
EALC 10800,HIST 15100
EALC 10800,CRES 10800
EALC 10800,SOSC 23500
EALC 10900,HIST 15200
EALC 10900,CRES 10900
EALC 10900,SOSC 23600
EALC 11000,HIST 15300
EALC 11000,CRES 11000
EALC 11000,SOSC 23700
EALC 15400,HIST 15400
EALC 15400,CRES 11200
EALC 15400,SOSC 23801
EALC 16100,ARTH 16100
EALC 16600,CMST 24620
EALC 16600,GNSE 16610
EALC 16806,ARTH 16800
EALC 19000,EALC 39900
EALC 19000,HIST 24112
EALC 19000,HIST 34112
EALC 19001,JAPN 19000
EALC 19001,JAPN 39000
EALC 19800,EALC 39800
EALC 19909,TAPS 28454
EALC 22500,EALC 32500
EALC 24312,EALC 34312
EALC 24500,HIST 24500
EALC 24500,HIST 34500
EALC 24500,EALC 34500
EALC 24608,HIST 24607
EALC 24608,CRES 24607
EALC 24803,HIST 24803
EALC 24803,HIST 34803
EALC 24803,EALC 34803
EALC 24808,HIST 24807
EALC 24930,CMST 24914
EALC 24950,EALC 34950
EALC 25009,CMLT 25009
EALC 25009,SALC 27300
EALC 25600,EALC 35600
EALC 25600,GNSE 25600
EALC 25600,GNSE 35600
EALC 26001,EALC 36001
EALC 26601,EALC 36601
EALC 26601,LING 29601
EALC 26601,LING 39601
EALC 26707,ARTH 26707
EALC 26707,ARTH 36707
EALC 26707,EALC 36707
EALC 27014,CMLT 27014
EALC 27014,CMLT 37014
EALC 27014,EALC 37014
EALC 27014,FNDL 21907
EALC 27420,GNSE 27420
EALC 29704,ARTH 29704
EALC 29704,ARTH 39704
EALC 29704,EALC 39704
EALC 29704,HIST 24603
EALC 29704,HIST 34603
ECON 21800,ECON 41100
ECON 22200,ECON 32000
ECON 22600,ECON 42900
ECON 22650,ECON 42800
ECON 25620,PBPL 25620
ECON 25620,PPHA 37500
ECON 26530,ENST 26530
ECON 26530,PBPL 26530
ECON 26530,PPHA 32510
ECON 26540,ENST 26531
ECON 26540,PBPL 26531
ECON 26540,PPHA 32520
ECON 26600,GEOG 26600
ECON 26600,GEOG 36600
ECON 26600,LLSO 26202
ECON 26600,PBPL 24500
ECON 26700,PBPL 26700
ECON 26800,BPRO 29000
ECON 26800,CHSS 37502
ECON 26800,ENST 29000
ECON 26800,PBPL 29000
ECON 26800,PPHA 39201
ECON 26800,PSMS 39000
ECON 27300,PBPL 27300
ECON 28600,PBPL 28605
ECON 28700,PBPL 23200
SOSC 25501,UTEP 35501
SOSC 25502,UTEP 35502
SOSC 25503,UTEP 35503
CHDV 20209,PSYC 20209
ECON 26700,PBPL 26700
PSYC 20500,CHDV 25900
PSYC 23200,CHDV 23900
PSYC 23200,LING 21600
PBPL 25405,CRES 25405
SOCI 20004,SOCI 30004
SOCI 20192,SOCI 30192
ENGL 10800,CMST 10100
ENGL 10800,ARTH 20000
ENGL 10800,ARTV 25300
ENGL 13000,ISHU 23000
ENGL 13000,ENGL 33000
ENGL 13800,CLAS 31200
ENGL 13800,CLCV 21200
ENGL 13800,CMLT 20500
ENGL 13800,CMLT 30500
ENGL 13800,ENGL 31000
ENGL 13800,TAPS 28400
ENGL 13900,CMLT 20600
ENGL 13900,CMLT 30600
ENGL 13900,ENGL 31100
ENGL 13900,TAPS 28401
ENGL 15600,GNSE 15600
ENGL 16500,FNDL 21403
ENGL 16500,ISHU 26550
ENGL 16500,TAPS 28405
ENGL 16600,FNDL 21404
ENGL 16600,TAPS 28406
ENGL 21202,MAPH 41200
ENGL 21202,ENGL 41202
ENGL 22209,MAPH 34250
ENGL 24402,TAPS 28418
ENGL 24408,CMLT 24408
ENGL 24408,TAPS 28438
ENGL 24409,CMLT 25011
ENGL 24807,CMST 24204
ENGL 25010,CMLT 25010
ENGL 25215,GRMN 25215
ENGL 25215,CMST 25215
ENGL 26208,CRES 26210
ENGL 26208,GNSE 26208
ENGL 27807,MAPH 34310
ENGL 27807,CMLT 24270
ENGL 27807,CMLT 34271
ENGL 28811,MAPH 34125
ENGL 28912,RUSS 22302
ENGL 28912,CMLT 22301
ENGL 28912,CMLT 32301
ENGL 28912,ENGL 32302
ENGL 28912,FNDL 27103
ENGL 28912,HIST 23704
ENGL 28912,RUSS 32302
ENGL 32302,RUSS 22302
ENGL 32302,CMLT 22301
ENGL 32302,CMLT 32301
ENGL 32302,ENGL 28912
ENGL 32302,FNDL 27103
ENGL 32302,HIST 23704
ENGL 32302,RUSS 32302
ENGL 29300,CMST 28500
ENGL 29300,ARTH 28500
ENGL 29300,ARTH 38500
ENGL 29300,ARTV 26500
ENGL 29300,ARTV 36500
ENGL 29300,CMLT 22400
ENGL 29300,CMLT 32400
ENGL 29300,CMST 48500
ENGL 29300,ENGL 48700
ENGL 29300,MAPH 36000
ENGL 29600,CMST 28600
ENGL 29600,ARTH 28600
ENGL 29600,ARTH 38600
ENGL 29600,ARTV 26600
ENGL 29600,CMLT 22500
ENGL 29600,CMLT 32500
ENGL 29600,CMST 48600
ENGL 29600,ENGL 48900
ENGL 29600,MAPH 33700
GEOS 13300,ENST 13300
GEOS 13400,PHSC 13400
GEOS 13400,ENST 12300
GEOS 21005,GEOS 31005
GEOS 21200,GEOS 31200
GEOS 21205,GEOS 31205
GEOS 21400,GEOS 31400
GEOS 22000,ASTR 21300
GEOS 22040,GEOS 32040
GEOS 22050,GEOS 32050
GEOS 22060,GEOS 32060
GEOS 22060,ASTR 45900
GEOS 22200,GEOS 32200
GEOS 23200,GEOS 33200
GEOS 23205,GEOS 33205
GEOS 23800,GEOS 33800
GEOS 23805,GEOS 33805
GEOS 23900,ENST 23900
GEOS 23900,GEOS 33900
GEOS 24200,GEOS 34200
GEOS 24500,GEOS 34500
GEOS 24600,GEOS 34600
GEOS 24705,ENST 24705
GEOS 24705,GEOS 34705
GEOS 25400,GEOS 35400
GEOS 26300,BIOS 23261
GEOS 26300,EVOL 32400
GEOS 26300,GEOS 36300
GEOS 26600,GEOS 36600
GEOS 27000,GEOS 37000
GEOS 27000,EVOL 32500
GEOS 28000,GEOS 38000
GEOS 28100,GEOS 38100
GEOS 28300,GEOS 38300
GEOS 29002,GEOS 39002
ENST 12100,PHSC 13500
ENST 12300,PHSC 13400
ENST 12300,GEOS 13400
ENST 12402,BIOS 11125
ENST 12404,BIOS 13107
ENST 12404,NTSC 10400
ENST 13106,BIOS 13106
ENST 13300,GEOS 13300
ENST 21201,NCDV 21201
ENST 21301,ANTH 21303
ENST 21800,LLSO 26201
ENST 21800,PBPL 21800
ENST 22000,ANTH 22000
ENST 22000,ANTH 35500
ENST 23100,LLSO 23100
ENST 23100,PBPL 23100
ENST 23289,BIOS 23289
ENST 23500,SOCI 20106
ENST 23500,PBPL 23600
ENST 23500,SOCI 30106
ENST 23900,GEOS 23900
ENST 23900,GEOS 33900
ENST 24701,PBPL 24701
ENST 24701,LLSO 24901
ENST 24705,GEOS 24705
ENST 24705,GEOS 34705
ENST 25100,BIOS 23351
ENST 25100,ECEV 31300
ENST 25300,GEOS 25300
ENST 25500,BIOS 23406
ENST 25500,EVOL 45500
ENST 25500,GEOG 25500
ENST 25500,GEOG 35500
ENST 25900,GEOG 20100
ENST 25900,GEOG 30100
ENST 26100,GEOG 26100
ENST 26100,GEOG 36100
ENST 26100,HIST 28900
ENST 26100,HIST 38900
ENST 26201,ANTH 28200
ENST 26201,ANTH 38220
ENST 26300,GEOG 26300
ENST 26300,GEOG 36300
ENST 26505,ANTH 26505
ENST 26505,ANTH 46505
ENST 26530,ECON 26530
ENST 26530,PBPL 26530
ENST 26530,PPHA 32510
ENST 26531,ECON 26540
ENST 26531,PBPL 26531
ENST 26531,PPHA 32520
ENST 26701,BIOS 23257
ENST 27400,HSTD 30900
ENST 27400,BIOS 29318
ENST 27400,PPHA 36400
ENST 27400,STAT 35000
ENST 27750,PBPL 27750
ENST 27751,PBPL 27751
ENST 28210,ANTH 28210
ENST 28210,ANTH 48210
ENST 29000,BPRO 29000
ENST 29000,CHSS 37502
ENST 29000,ECON 26800
ENST 29000,PBPL 29000
ENST 29000,PPHA 39201
ENST 29000,PSMS 39000
ENST 29701,PBPL 29701
FNDL 28102,PLSC 27216
FNDL 28102,LLSO 28200
FNDL 28102,PLSC 52316
FNDL 20502,ARTH 17410
FNDL 21103,ITAL 33900
FNDL 21103,CMLT 26701
FNDL 21103,CMLT 36701
FNDL 21103,ITAL 23900
FNDL 21411,ARTH 17612
FNDL 21810,ITAL 21800
FNDL 21908,PHIL 21720
FNDL 22001,PHIL 24800
FNDL 22001,CMLT 25001
FNDL 22001,GNSE 23100
FNDL 22001,HIPS 24300
FNDL 23910,PLSC 33910
FNDL 23910,PLSC 23910
FNDL 24400,RLST 26800
FNDL 24400,HREL 35000
FNDL 24400,SALC 20400
FNDL 24400,SALC 48200
FNDL 24804,GRMN 24814
FNDL 27103,RUSS 22302
FNDL 27103,CMLT 22301
FNDL 27103,CMLT 32301
FNDL 27103,ENGL 28912
FNDL 27103,ENGL 32302
FNDL 27103,HIST 23704
FNDL 27103,RUSS 32302
FNDL 21416,CLCV 22114
FNDL 21714,ITAL 23502
FNDL 21714,ITAL 33502
FNDL 21714,REMS 33502
FNDL 21907,EALC 27014
FNDL 21907,CMLT 27014
FNDL 21907,CMLT 37014
FNDL 21907,EALC 37014
FNDL 23400,PLSC 48300
FNDL 23400,LLSO 28500
FNDL 23400,SCTH 30300
FNDL 23408,PHIL 23408
FNDL 23408,PHIL 33408
FNDL 23902,HIST 23510
FNDL 23902,HIST 33510
FNDL 23915,PLSC 23915
FNDL 23915,CLAS 33915
FNDL 23915,CLCV 23915
FNDL 23915,PLSC 33915
FNDL 24208,PHIL 34208
FNDL 24208,PHIL 24208
FNDL 24208,LAWS 52403
FNDL 24208,LATN 28614
FNDL 24208,CLAS 38614
FNDL 24208,RETH 38614
FNDL 24212,LATN 22100
FNDL 24212,LATN 32100
FNDL 24314,EALC 25305
FNDL 24314,GNSE 25305
FNDL 25706,PHIL 25706
FNDL 25706,PHIL 35706
FNDL 26904,FREN 24300
FNDL 26904,FREN 34300
FNDL 21717,GRMN 26115
FNDL 22405,SPAN 24220
FNDL 22405,CMLT 24220
FNDL 22405,CMLT 34220
FNDL 22405,REMS 34220
FNDL 22405,RLLT 34220
FNDL 22405,SPAN 34220
FNDL 23107,PHIL 21000
FNDL 26106,RLLT 26106
FNDL 26106,NEHC 26106
FNDL 26107,RLST 25601
FNDL 26507,CMST 26302
FNDL 26507,CMST 36302
FNDL 26903,POLI 35301
FNDL 26903,ISHU 29405
FNDL 26903,POLI 25301
ARTH 26803,ARTH 36803
CLCV 22514,CLAS 32514
CLCV 23514,CLAS 33514
CMLT 24402,CMLT 34402
CMLT 24402,SCTH 35914
CMLT 24402,RLLT 24402
CMLT 24402,RLLT 34402
CMST 10100,ARTH 20000
CMST 10100,ARTV 25300
CMST 10100,ENGL 10800
CMST 28500,ARTH 28500
CMST 28500,ARTH 38500
CMST 28500,ARTV 26500
CMST 28500,ARTV 36500
CMST 28500,CMLT 22400
CMST 28500,CMLT 32400
CMST 28500,CMST 48500
CMST 28500,ENGL 29300
CMST 28500,ENGL 48700
CMST 28500,MAPH 36000
CMST 28600,ARTH 28600
CMST 28600,ARTH 38600
CMST 28600,ARTV 26600
CMST 28600,CMLT 22500
CMST 28600,CMLT 32500
CMST 28600,CMST 48600
CMST 28600,ENGL 29600
CMST 28600,ENGL 48900
CMST 28600,MAPH 33700
EALC 25811,RLST 22501
ENGL 13800,CLAS 31200
ENGL 13800,CLCV 21200
ENGL 13800,CMLT 20500
ENGL 13800,CMLT 30500
ENGL 13800,ENGL 31000
ENGL 13800,TAPS 28400
ENGL 13900,CMLT 20600
ENGL 13900,CMLT 30600
ENGL 13900,ENGL 31100
ENGL 13900,TAPS 28401
ENGL 15600,GNSE 15600
ENGL 21401,PLSC 21410
ENGL 21401,ARTH 21400
ENGL 21401,ARTH 31400
ENGL 21401,ENGL 30201
ENGL 21401,GNSE 31400
ENGL 21401,MAPH 36500
ENGL 21401,PLSC 31410
ENGL 24408,CMLT 24408
ENGL 24408,TAPS 28438
FREN 21501,FREN 31501
FREN 23600,FREN 33600
FREN 25600,FREN 35600
FREN 26510,FREN 36510
HIST 20802,HIST 30802
HIST 20802,CLCV 24506
HIST 20802,CLAS 34506
HIST 23002,RLST 22602
HIST 24913,CHSS 34913
HIST 24913,HIPS 24913
HIST 24913,HIST 34913
HIST 25506,HIST 35506
HIST 25506,HIPS 25506
HIST 25506,CHSS 35506
HIST 25506,PHIL 24301
HIST 25506,PHIL 34301
HIST 27412,CRES 27412
HIST 27412,LLSO 21210
HIST 30109,LLSO 27601
HIST 30109,CRES 20109
HIST 30109,CRES 30109
HIST 30109,HIST 20109
ITAL 24110,CMLT 24110
ITAL 24110,CMLT 34110
ITAL 24110,ITAL 34110
ITAL 25115,PHIL 25115
ITAL 25115,DVPR 35115
ITAL 25115,HIJD 35115
ITAL 25115,ITAL 35115
ITAL 25115,JWSC 26115
ITAL 25115,PHIL 35115
ITAL 25115,RLST 25115
ITAL 26200,ITAL 36200
ITAL 26200,CMLT 26700
ITAL 26200,CMLT 36700
ITAL 28702,ITAL 38702
JWSC 20004,RLST 11005
JWSC 20004,BIBL 31000
JWSC 20005,NEHC 20405
JWSC 20005,NEHC 30405
JWSC 20005,RLST 20408
JWSC 20006,NEHC 20406
JWSC 20006,NEHC 30406
JWSC 20006,CMLT 20401
JWSC 20006,CMLT 30401
JWSC 20006,RLST 20406
JWSC 20006,RLIT 30406
JWSC 20006,FNDL 20415
LATN 22200,LATN 32200
LATN 22300,LATN 32300
NEHC 20573,SOSL 27300
NEHC 20573,CMLT 23401
NEHC 20573,CMLT 33401
NEHC 20573,HIST 24005
NEHC 20573,HIST 34005
NEHC 20573,NEHC 30573
NEHC 20573,SOSL 37300
NEHC 20885,SOSL 27200
NEHC 20885,CMLT 23201
NEHC 20885,CMLT 33201
NEHC 20885,NEHC 30885
NEHC 20885,SOSL 37200
PHIL 21219,PHIL 31219
PHIL 21700,HMRT 20100
PHIL 21700,HMRT 30100
PHIL 21700,PHIL 31600
PHIL 21700,HIST 29301
PHIL 21700,HIST 39301
PHIL 21700,INRE 31600
PHIL 21700,LAWS 41200
PHIL 21700,MAPH 40000
PHIL 21700,LLSO 25100
RLST 22602,HIST 23002
RLST 23403,BPRO 28100
RLST 23603,BPRO 23000
RLST 23603,ASTR 23000
RLST 24201,DVPR 30200
RLST 24201,HREL 30200
RLST 24201,SALC 20901
RLST 24201,SALC 30901
RLST 24202,DVPR 30300
RLST 24202,HREL 30300
RLST 24202,SALC 20902
RLST 24202,SALC 30902
RUSS 25600,RUSS 35600
RUSS 25700,RUSS 35700
RUSS 27300,SOSL 37700
RUSS 27300,CMLT 27701
RUSS 27300,CMLT 37701
RUSS 27300,RUSS 37300
RUSS 27300,SOSL 27700
SPAN 22310,LACS 22310
SPAN 22310,LACS 32310
SPAN 22310,SPAN 32310
SPAN 26410,SPAN 36410
GNSE 20170,SOCI 20175
GNSE 21001,CHDV 21000
GNSE 21001,AMER 33000
GNSE 21001,ANTH 24320
GNSE 21001,ANTH 35110
GNSE 21001,CHDV 31000
GNSE 21001,GNSE 31000
GNSE 21001,PSYC 23000
GNSE 21001,PSYC 33000
GNSE 21400,ARTH 21400
GNSE 21400,ARTH 31400
GNSE 21400,ENGL 21401
GNSE 21400,ENGL 30201
GNSE 21400,GNSE 31400
GNSE 21400,MAPH 36500
GNSE 21400,PLSC 21410
GNSE 21400,PLSC 31410
GNSE 21500,CHDV 21500
GNSE 21500,HIPS 22401
GNSE 22401,ENGL 22804
GNSE 22401,LACS 22804
GNSE 22401,SPAN 22801
GNSE 22401,CMLT 21401
GNSE 23100,PHIL 24800
GNSE 23100,CMLT 25001
GNSE 23100,FNDL 22001
GNSE 23100,HIPS 24300
GNSE 27420,EALC 27420
GNSE 28604,HIST 28604
GNSE 28604,HMRT 28604
GNSE 28604,LLSO 28604
GNSE 29600,HMRT 31900
GNSE 29600,LAWS 47701
GNSE 29600,PLSC 51900
GNSE 29600,RETH 41000
GNSE 29600,PHIL 31900
GNSE 50101,LAWS 61512
GNSE 50101,RETH 51301
GNSE 50101,HMRT 51301
GNSE 50101,PHIL 51200
GEOG 20100,ENST 25900
GEOG 20100,GEOG 30100
GEOG 21900,GEOG 31900
GEOG 21900,HIST 28800
GEOG 21900,HIST 38800
GEOG 22100,GEOG 32100
GEOG 22100,HIST 27506
GEOG 22100,HIST 37506
GEOG 22700,SOCI 20104
GEOG 22700,CRES 20104
GEOG 22700,GEOG 32700
GEOG 22700,SOCI 30104
GEOG 22700,SOSC 25100
GEOG 23003,HIST 23003
GEOG 23003,HIST 33003
GEOG 23003,GEOG 33003
GEOG 23500,GEOG 33500
GEOG 25500,BIOS 23406
GEOG 25500,ENST 25500
GEOG 25500,EVOL 45500
GEOG 25500,GEOG 35500
GEOG 26100,ENST 26100
GEOG 26100,GEOG 36100
GEOG 26100,HIST 28900
GEOG 26100,HIST 38900
GEOG 26300,ENST 26300
GEOG 26300,GEOG 36300
GEOG 26600,ECON 26600
GEOG 26600,GEOG 36600
GEOG 26600,LLSO 26202
GEOG 26600,PBPL 24500
GEOG 28201,GEOG 38201
GEOG 28400,GEOG 38400
GEOG 28800,GEOG 38800
GEOS 13300,ENST 13300
GEOS 13400,PHSC 13400
GEOS 13400,ENST 12300
GEOS 21005,GEOS 31005
GEOS 21200,GEOS 31200
GEOS 21205,GEOS 31205
GEOS 21400,GEOS 31400
GEOS 22000,ASTR 21300
GEOS 22040,GEOS 32040
GEOS 22050,GEOS 32050
GEOS 22060,GEOS 32060
GEOS 22060,ASTR 45900
GEOS 22200,GEOS 32200
GEOS 23200,GEOS 33200
GEOS 23205,GEOS 33205
GEOS 23800,GEOS 33800
GEOS 23805,GEOS 33805
GEOS 23900,ENST 23900
GEOS 23900,GEOS 33900
GEOS 24200,GEOS 34200
GEOS 24500,GEOS 34500
GEOS 24600,GEOS 34600
GEOS 24705,ENST 24705
GEOS 24705,GEOS 34705
GEOS 25400,GEOS 35400
GEOS 26300,BIOS 23261
GEOS 26300,EVOL 32400
GEOS 26300,GEOS 36300
GEOS 26600,GEOS 36600
GEOS 27000,GEOS 37000
GEOS 27000,EVOL 32500
GEOS 28000,GEOS 38000
GEOS 28100,GEOS 38100
GEOS 28300,GEOS 38300
GEOS 29002,GEOS 39002
GRMN 23215,HIST 23200
GRMN 23215,GRMN 33215
GRMN 23215,HIST 33200
GRMN 23510,HIST 23515
GRMN 23510,JWSC 26310
GRMN 23510,SLAV 23510
GRMN 26014,CMLT 26014
GRMN 27114,CMLT 27114
GRMN 28914,GRMN 38914
GRMN 28914,JWSC 28914
GRMN 28914,MUSI 28914
GRMN 28914,MUSI 38914
GRMN 28914,RLIT 38914
GRMN 28914,RLST 28914
GRMN 28914,TAPS 28417
NORW 27000,GRMN 27000
YDDH 10100,JWSC 20300
YDDH 10100,LGLN 27200
YDDH 10100,YDDH 37300
YDDH 10200,JWSC 20400
YDDH 10200,LGLN 27300
YDDH 10200,YDDH 37400
YDDH 10300,JWSC 20500
YDDH 10300,LGLN 27400
YDDH 10300,YDDH 37500
YDDH 20100,JWSC 27301
YDDH 20100,YDDH 39500
YDDH 20200,JWSC 27401
YDDH 20200,YDDH 39600
YDDH 29800,YDDH 39800
HIST 10101,ANTH 20701
HIST 10101,CRES 20701
HIST 10102,ANTH 20702
HIST 10102,CHDV 21401
HIST 10102,CRES 20802
HIST 10800,SALC 20100
HIST 10800,ANTH 24101
HIST 10800,SASC 20000
HIST 10800,SOSC 23000
HIST 10900,SALC 20200
HIST 10900,ANTH 24102
HIST 10900,SASC 20100
HIST 10900,SOSC 23100
HIST 12700,MUSI 12100
HIST 12700,SOSC 21100
HIST 12800,MUSI 12200
HIST 12800,SOSC 21200
HIST 13900,RUSS 25100
HIST 13900,SOSC 24000
HIST 14000,RUSS 25200
HIST 14000,SOSC 24100
HIST 15100,CRES 10800
HIST 15100,EALC 10800
HIST 15100,SOSC 23500
HIST 15200,CRES 10900
HIST 15200,EALC 10900
HIST 15200,SOSC 23600
HIST 15300,CRES 11000
HIST 15300,EALC 11000
HIST 15300,SOSC 23700
HIST 15400,CRES 11200
HIST 15400,EALC 15400
HIST 15400,SOSC 23801
HIST 15602,NEHC 30011
HIST 15602,CLCV 25700
HIST 15602,NEHC 20011
HIST 15603,NEHC 30012
HIST 15603,CLCV 25800
HIST 15603,NEHC 20012
HIST 15604,NEHC 30013
HIST 15604,CLCV 25900
HIST 15604,NEHC 20013
HIST 15702,NEHC 20416
HIST 15703,NEHC 20417
HIST 15704,NEHC 20418
HIST 15801,NEHC 10101
HIST 16101,LACS 16100
HIST 16101,ANTH 23101
HIST 16101,CRES 16101
HIST 16101,HIST 36101
HIST 16101,LACS 34600
HIST 16101,SOSC 26100
HIST 16102,LACS 16200
HIST 16102,ANTH 23102
HIST 16102,CRES 16102
HIST 16102,HIST 36102
HIST 16102,LACS 34700
HIST 16102,SOSC 26200
HIST 16103,LACS 16300
HIST 16103,ANTH 23103
HIST 16103,CRES 16103
HIST 16103,HIST 36103
HIST 16103,LACS 34800
HIST 16103,SOSC 26300
HIST 16402,CRES 16402
HIST 16402,LLSO 26815
HIST 16700,CLCV 20700
HIST 16800,CLCV 20800
HIST 16900,CLCV 20900
HIST 17300,HIPS 17300
HIST 17400,HIPS 17400
HIST 17402,HIPS 17402
HIST 17501,HIPS 17501
HIST 17502,HIPS 17502
HIST 17503,HIPS 17503
HIST 18301,CRES 24001
HIST 18301,ANTH 24001
HIST 18301,SOSC 24001
HIST 18302,CRES 24002
HIST 18302,ANTH 24002
HIST 18302,SOSC 24002
HIST 18303,CRES 24003
HIST 18303,ANTH 24003
HIST 18303,SALC 20702
HIST 18303,SOSC 24003
HIST 20109,HIST 30109
HIST 20109,LLSO 27601
HIST 20109,CRES 20109
HIST 20109,CRES 30109
HIST 20402,HIST 30402
HIST 20402,CLCV 24406
HIST 20402,ANCM 34410
HIST 20402,CLAS 34406
HIST 20403,GREK 22400
HIST 20403,GREK 32400
HIST 20403,HIST 30403
HIST 20802,HIST 30802
HIST 20802,CLCV 24506
HIST 20802,CLAS 34506
HIST 20901,HIST 39800
HIST 20901,CLCV 21700
HIST 20901,CLAS 31700
HIST 20901,ANCM 31700
HIST 21701,HIST 31701
HIST 21701,CLCV 24306
HIST 21701,CLAS 34306
HIST 21702,HIST 31702
HIST 21702,CLCV 24307
HIST 21702,CLAS 34307
HIST 22113,JWSC 20001
HIST 22113,CRES 20001
HIST 22113,NEHC 20401
HIST 22113,NEHC 30401
HIST 22113,RLST 20604
HIST 22202,JWSC 20003
HIST 22202,NEHC 20403
HIST 22202,NEHC 30403
HIST 22202,RLST 20605
HIST 22406,JWSC 20002
HIST 22406,NEHC 20402
HIST 22406,NEHC 30402
HIST 22406,RLST 25801
HIST 22203,HIST 32203
HIST 22900,HIST 32900
HIST 23002,RLST 22602
HIST 23003,HIST 33003
HIST 23003,GEOG 23003
HIST 23003,GEOG 33003
HIST 23200,GRMN 23215
HIST 23200,GRMN 33215
HIST 23200,HIST 33200
HIST 23300,PLSC 23415
HIST 23300,HIST 33300
HIST 23300,LLSO 23415
HIST 23300,PLSC 32815
HIST 23310,HIST 33310
HIST 23510,FNDL 23902
HIST 23510,HIST 33510
HIST 23515,GRMN 23510
HIST 23515,JWSC 26310
HIST 23515,SLAV 23510
HIST 23704,RUSS 22302
HIST 23704,CMLT 22301
HIST 23704,CMLT 32301
HIST 23704,ENGL 28912
HIST 23704,ENGL 32302
HIST 23704,FNDL 27103
HIST 23704,RUSS 32302
HIST 24005,SOSL 27300
HIST 24005,CMLT 23401
HIST 24005,CMLT 33401
HIST 24005,HIST 34005
HIST 24005,NEHC 20573
HIST 24005,NEHC 30573
HIST 24005,SOSL 37300
HIST 24112,EALC 39900
HIST 24112,HIST 34112
HIST 24112,EALC 19000
HIST 24500,HIST 34500
HIST 24500,EALC 24500
HIST 24500,EALC 34500
HIST 24603,ARTH 29704
HIST 24603,ARTH 39704
HIST 24603,EALC 29704
HIST 24603,EALC 39704
HIST 24603,HIST 34603
HIST 34603,ARTH 29704
HIST 34603,ARTH 39704
HIST 34603,EALC 29704
HIST 34603,EALC 39704
HIST 34603,HIST 24603
HIST 24607,CRES 24607
HIST 24607,EALC 24608
HIST 24803,HIST 34803
HIST 24803,EALC 24803
HIST 24803,EALC 34803
HIST 24807,EALC 24808
HIST 25109,PHIL 22000
HIST 25109,HIST 35109
HIST 25109,PHIL 32000
HIST 25311,HIPS 25311
HIST 25503,HIPS 29800
HIST 25506,HIST 35506
HIST 25506,HIPS 25506
HIST 25506,CHSS 35506
HIST 25506,PHIL 24301
HIST 25506,PHIL 34301
HIST 25510,HIST 35505
HIST 25510,HIPS 28002
HIST 25510,CHSS 31502
HIST 25701,CLAS 30200
HIST 25701,CLCV 20200
HIST 25701,CMES 30634
HIST 25701,CRES 25701
HIST 25701,HIST 35701
HIST 25701,NEHC 20634
HIST 25701,NEHC 30634
HIST 25704,NEHC 30501
HIST 25704,HIST 35704
HIST 25704,ISLM 30500
HIST 25704,RLST 20501
HIST 25704,NEHC 20501
HIST 25804,NEHC 30502
HIST 25804,HIST 35804
HIST 25804,ISLM 30600
HIST 25804,NEHC 20502
HIST 25904,NEHC 30503
HIST 25904,HIST 35904
HIST 25904,ISLM 30700
HIST 25904,NEHC 20503
HIST 26214,LACS 25100
HIST 26214,HIST 36214
HIST 26214,LACS 35100
HIST 26604,SALC 25302
HIST 26604,CRES 25302
HIST 26707,SALC 20508
HIST 26707,CMST 24106
HIST 26707,HIST 36707
HIST 26707,SALC 30508
HIST 27013,RLST 21311
HIST 27013,HIPS 27013
HIST 27102,LLSO 24711
HIST 27102,FNDL 24711
HIST 27412,CRES 27412
HIST 27412,LLSO 21210
HIST 27506,GEOG 22100
HIST 27506,GEOG 32100
HIST 27506,HIST 37506
HIST 28000,HIST 38000
HIST 28000,AMER 28001
HIST 28000,CRES 28000
HIST 28000,GNSE 28202
HIST 28000,LACS 28000
HIST 28000,LACS 38000
HIST 28301,HIST 38301
HIST 28301,LLSO 20602
HIST 28800,GEOG 21900
HIST 28800,GEOG 31900
HIST 28800,HIST 38800
HIST 28807,AMER 28807
HIST 28807,CRES 28807
HIST 28900,GEOG 26100
HIST 28900,ENST 26100
HIST 28900,GEOG 36100
HIST 28900,HIST 38900
HIST 29000,HIST 39000
HIST 29000,CRES 29000
HIST 29000,CRES 39000
HIST 29000,LACS 29000
HIST 29000,LACS 39000
HIST 29000,RLST 21401
HIST 29000,HCHR 39200
HIST 29301,HMRT 20100
HIST 29301,HMRT 30100
HIST 29301,PHIL 21700
HIST 29301,PHIL 31600
HIST 29301,HIST 39301
HIST 29301,INRE 31600
HIST 29301,LAWS 41200
HIST 29301,MAPH 40000
HIST 29301,LLSO 25100
HIST 29302,HMRT 20200
HIST 29302,CRES 29302
HIST 29302,HIST 39302
HIST 29302,HMRT 30200
HIST 29302,INRE 31700
HIST 29302,LAWS 41301
HIST 29302,LLSO 27100
HIST 29303,HMRT 20300
HIST 29303,HMRT 30300
HIST 29303,HIST 39303
HIST 29303,INRE 31800
HIST 29303,LAWS 78201
HIST 29303,LLSO 27200
HIST 29311,HMRT 26800
HIST 29311,HIST 39311
HIST 29311,HMRT 36800
HIST 29312,HIST 39313
HIST 29312,SLAV 26500
HIST 29312,SLAV 36500
HIST 29312,HMRT 26500
HIST 29511,HMRT 36700
HIST 29511,HIST 39511
HIST 29511,HMRT 26700
HIPS 17300,HIST 17300
HIPS 17400,HIST 17400
HIPS 17402,HIST 17402
HIPS 17501,HIST 17501
HIPS 17502,HIST 17502
HIPS 17503,HIST 17503
HIPS 20300,CHSS 42300
HIPS 20700,PHIL 20100
HIPS 20700,CHSS 33500
HIPS 20700,PHIL 30000
HIPS 21100,ANTH 21406
HIPS 21100,ANTH 38300
HIPS 21200,ANTH 22400
HIPS 21200,ANTH 34900
HIPS 21301,ANTH 22105
HIPS 21301,ANTH 32300
HIPS 21400,BIOS 29281
HIPS 21911,BPRO 22610
HIPS 21911,BIOS 29313
HIPS 21911,PHIL 21610
HIPS 22300,CHSS 37700
HIPS 22300,PHIL 32900
HIPS 22300,PHIL 22900
HIPS 22401,CHDV 21500
HIPS 22401,GNSE 21500
HIPS 22601,ANTH 23600
HIPS 22601,ANTH 33610
HIPS 22700,CHSS 37600
HIPS 22700,PHIL 32700
HIPS 22700,EVOL 32700
HIPS 23500,ANTH 28300
HIPS 23500,ANTH 38200
HIPS 23500,EVOL 38200
HIPS 23600,ANTH 21102
HIPS 23600,ANTH 38400
HIPS 23600,EVOL 38400
HIPS 24000,ANTH 28100
HIPS 24000,ANTH 38100
HIPS 24000,EVOL 38100
HIPS 24300,PHIL 24800
HIPS 24300,CMLT 25001
HIPS 24300,FNDL 22001
HIPS 24300,GNSE 23100
HIPS 24800,HIST 25100
HIPS 24800,HIST 35100
HIPS 24800,CHSS 45100
HIPS 25107,CHSS 35107
HIPS 25107,HIST 25107
HIPS 25107,HIST 35107
HIPS 25203,HUMA 25202
HIPS 25203,LLSO 27801
HIPS 25203,CMST 25204
HIPS 25203,TAPS 28452
HIPS 25204,HUMA 25204
HIPS 25307,CHSS 35307
HIPS 25307,HIST 25307
HIPS 25307,HIST 35307
HIPS 25311,HIST 25311
HIPS 25408,CHSS 35408
HIPS 25408,HIST 25408
HIPS 25408,HIST 35408
HIPS 25506,HIST 25506
HIPS 25506,HIST 35506
HIPS 25506,CHSS 35506
HIPS 25506,PHIL 24301
HIPS 25506,PHIL 34301
HIPS 25600,STAT 26700
HIPS 25600,CHSS 32900
HIPS 25600,STAT 36700
HIPS 25901,CHSS 35900
HIPS 25901,HIST 25501
HIPS 25901,HIST 35501
HIPS 25901,PHIL 24300
HIPS 25901,PHIL 34300
HIPS 25901,PSYC 28200
HIPS 25902,BIOS 29270
HIPS 26000,PHIL 26000
HIPS 26101,CHDV 38701
HIPS 26203,ANTH 23805
HIPS 26203,ANTH 43805
HIPS 26203,CHSS 32805
HIPS 26502,SOCI 20148
HIPS 26502,SOCI 30148
HIPS 26502,CHSS 30310
HIPS 27013,RLST 21311
HIPS 27013,HIST 27013
HIPS 27302,CHDV 23301
HIPS 27302,ANTH 24315
HIPS 27302,ANTH 35115
HIPS 27302,CHDV 33301
HIPS 28002,HIST 25510
HIPS 28002,HIST 35505
HIPS 28002,CHSS 31502
HIPS 28101,PHIL 38209
HIPS 28101,SCTH 37501
HIPS 28202,PHIL 21109
HIPS 28202,PHIL 31109
HIPS 28303,CHSS 49401
HIPS 28303,HIST 49401
HIPS 29800,HIST 25503
HUMA 02980,SOSC 02980
HUMA 24005,BPRO 24000
HUMA 24005,PSYC 24050
HUMA 24005,PSYC 34050
HUMA 25204,HIPS 25204
HMRT 20100,HMRT 30100
HMRT 20100,PHIL 21700
HMRT 20100,PHIL 31600
HMRT 20100,HIST 29301
HMRT 20100,HIST 39301
HMRT 20100,INRE 31600
HMRT 20100,LAWS 41200
HMRT 20100,MAPH 40000
HMRT 20100,LLSO 25100
HMRT 20200,CRES 29302
HMRT 20200,HIST 29302
HMRT 20200,HIST 39302
HMRT 20200,HMRT 30200
HMRT 20200,INRE 31700
HMRT 20200,LAWS 41301
HMRT 20200,LLSO 27100
HMRT 20300,HMRT 30300
HMRT 20300,HIST 29303
HMRT 20300,HIST 39303
HMRT 20300,INRE 31800
HMRT 20300,LAWS 78201
HMRT 20300,LLSO 27200
HMRT 20116,SOCI 20116
HMRT 20116,HMRT 30116
HMRT 20116,PBPL 27900
HMRT 20116,SOCI 30116
HMRT 21400,MEDC 60405
HMRT 23301,HIST 22117
HMRT 23301,HIST 32117
HMRT 23301,HMRT 33001
HMRT 23301,LLSO 23402
HMRT 23302,HIST 33512
HMRT 23302,HMRT 33002
HMRT 23302,LLSO 23114
HMRT 23302,HIST 23512
HMRT 24701,LACS 25303
HMRT 24701,LAWS 62401
HMRT 25106,ARTV 23930
HMRT 25106,ARTV 33930
HMRT 25106,CMST 33930
HMRT 25106,HMRT 35106
HMRT 25107,ARTV 23931
HMRT 25107,CMST 23931
HMRT 25210,MAPS 36900
HMRT 25210,ANTH 20405
HMRT 25210,ANTH 30405
HMRT 25210,CHDV 30405
HMRT 25210,HMRT 35210
HMRT 25210,SOSC 36900
HMRT 26500,HIST 29312
HMRT 26500,HIST 39313
HMRT 26500,SLAV 26500
HMRT 26500,SLAV 36500
HMRT 26700,HMRT 36700
HMRT 26700,HIST 29511
HMRT 26700,HIST 39511
HMRT 26800,HIST 29311
HMRT 26800,HIST 39311
HMRT 26800,HMRT 36800
HMRT 27061,AMER 27605
HMRT 27061,CRES 27605
HMRT 27061,GNSE 27605
HMRT 27061,LLSO 28010
HMRT 27061,HIST 27605
HMRT 27306,HIST 37306
HMRT 27306,HMRT 37306
HMRT 27306,LLSO 27306
HMRT 27306,HIST 27306
HMRT 28310,HMRT 38310
HMRT 28310,CHDV 26310
HMRT 28602,BIOS 29323
HMRT 28602,BPRO 28600
HMRT 28602,CMLT 28900
HMRT 29504,HMRT 39504
HMRT 29505,HMRT 39505
HMRT 20100,HMRT 30100
HMRT 20100,PHIL 21700
HMRT 20100,PHIL 31600
HMRT 20100,HIST 29301
HMRT 20100,HIST 39301
HMRT 20100,INRE 31600
HMRT 20100,LAWS 41200
HMRT 20100,MAPH 40000
HMRT 20100,LLSO 25100
HMRT 20200,CRES 29302
HMRT 20200,HIST 29302
HMRT 20200,HIST 39302
HMRT 20200,HMRT 30200
HMRT 20200,INRE 31700
HMRT 20200,LAWS 41301
HMRT 20200,LLSO 27100
HMRT 20300,HMRT 30300
HMRT 20300,HIST 29303
HMRT 20300,HIST 39303
HMRT 20300,INRE 31800
HMRT 20300,LAWS 78201
HMRT 20300,LLSO 27200
HMRT 20116,SOCI 20116
HMRT 20116,HMRT 30116
HMRT 20116,PBPL 27900
HMRT 20116,SOCI 30116
HMRT 21400,MEDC 60405
HMRT 23301,HIST 22117
HMRT 23301,HIST 32117
HMRT 23301,HMRT 33001
HMRT 23301,LLSO 23402
HMRT 23302,HIST 33512
HMRT 23302,HMRT 33002
HMRT 23302,LLSO 23114
HMRT 23302,HIST 23512
HMRT 24701,LACS 25303
HMRT 24701,LAWS 62401
HMRT 25106,ARTV 23930
HMRT 25106,ARTV 33930
HMRT 25106,CMST 33930
HMRT 25106,HMRT 35106
HMRT 25107,ARTV 23931
HMRT 25107,CMST 23931
HMRT 25210,MAPS 36900
HMRT 25210,ANTH 20405
HMRT 25210,ANTH 30405
HMRT 25210,CHDV 30405
HMRT 25210,HMRT 35210
HMRT 25210,SOSC 36900
HMRT 26500,HIST 29312
HMRT 26500,HIST 39313
HMRT 26500,SLAV 26500
HMRT 26500,SLAV 36500
HMRT 26700,HMRT 36700
HMRT 26700,HIST 29511
HMRT 26700,HIST 39511
HMRT 26800,HIST 29311
HMRT 26800,HIST 39311
HMRT 26800,HMRT 36800
HMRT 27061,AMER 27605
HMRT 27061,CRES 27605
HMRT 27061,GNSE 27605
HMRT 27061,LLSO 28010
HMRT 27061,HIST 27605
HMRT 27306,HIST 37306
HMRT 27306,HMRT 37306
HMRT 27306,LLSO 27306
HMRT 27306,HIST 27306
HMRT 28310,HMRT 38310
HMRT 28310,CHDV 26310
HMRT 28602,BIOS 29323
HMRT 28602,BPRO 28600
HMRT 28602,CMLT 28900
HMRT 29504,HMRT 39504
HMRT 29505,HMRT 39505
ISHU 23000,ENGL 13000
ISHU 23000,ENGL 33000
INST 27701,ANTH 25116
INST 27701,CHDV 25116
INST 27702,ANTH 25117
JWSC 11000,ARAM 10101
JWSC 11100,ARAM 10102
JWSC 11200,ARAM 10103
JWSC 20001,CRES 20001
JWSC 20001,HIST 22113
JWSC 20001,NEHC 20401
JWSC 20001,NEHC 30401
JWSC 20001,RLST 20604
JWSC 20002,HIST 22406
JWSC 20002,NEHC 20402
JWSC 20002,NEHC 30402
JWSC 20002,RLST 25801
JWSC 20003,HIST 22202
JWSC 20003,NEHC 20403
JWSC 20003,NEHC 30403
JWSC 20003,RLST 20605
JWSC 20004,RLST 11005
JWSC 20004,BIBL 31000
JWSC 20005,NEHC 20405
JWSC 20005,NEHC 30405
JWSC 20005,RLST 20408
JWSC 20006,NEHC 20406
JWSC 20006,NEHC 30406
JWSC 20006,CMLT 20401
JWSC 20006,CMLT 30401
JWSC 20006,RLST 20406
JWSC 20006,RLIT 30406
JWSC 20006,FNDL 20415
JWSC 20300,YDDH 10100
JWSC 20300,LGLN 27200
JWSC 20300,YDDH 37300
JWSC 20400,YDDH 10200
JWSC 20400,LGLN 27300
JWSC 20400,YDDH 37400
JWSC 20500,YDDH 10300
JWSC 20500,LGLN 27400
JWSC 20500,YDDH 37500
JWSC 20452,NEHC 30452
JWSC 20452,CMLT 30452
JWSC 20911,RLST 20911
JWSC 20911,HIJD 30911
JWSC 20911,NEHC 20491
JWSC 22000,HEBR 10101
JWSC 22100,HEBR 10102
JWSC 22200,HEBR 10103
JWSC 22201,HEBR 20301
JWSC 22302,HEBR 20302
JWSC 22300,HEBR 20104
JWSC 22400,HEBR 20105
JWSC 22500,HEBR 20106
JWSC 23000,NEHC 20411
JWSC 23000,NEHC 30411
JWSC 23100,NEHC 30412
JWSC 23100,NEHC 20412
JWSC 23200,NEHC 30413
JWSC 23200,HUMA 23200
JWSC 23200,NEHC 20413
JWSC 24500,CHDV 27317
JWSC 24500,CRES 27317
JWSC 25000,HEBR 10501
JWSC 25100,HEBR 10502
JWSC 25200,HEBR 10503
JWSC 25300,HEBR 20501
JWSC 25400,HEBR 20502
JWSC 25500,HEBR 20503
JWSC 25601,HEBR 30601
JWSC 25601,LGLN 23001
JWSC 25601,LGLN 33001
JWSC 26115,PHIL 25115
JWSC 26115,DVPR 35115
JWSC 26115,HIJD 35115
JWSC 26115,ITAL 25115
JWSC 26115,ITAL 35115
JWSC 26115,PHIL 35115
JWSC 26115,RLST 25115
JWSC 26310,HIST 23515
JWSC 26310,GRMN 23510
JWSC 26310,SLAV 23510
JWSC 26600,PLSC 28500
JWSC 27301,YDDH 20100
JWSC 27301,YDDH 39500
JWSC 27401,YDDH 20200
JWSC 27401,YDDH 39600
JWSC 28914,GRMN 28914
JWSC 28914,GRMN 38914
JWSC 28914,MUSI 28914
JWSC 28914,MUSI 38914
JWSC 28914,RLIT 38914
JWSC 28914,RLST 28914
JWSC 28914,TAPS 28417
LACS 16100,ANTH 23101
LACS 16100,CRES 16101
LACS 16100,HIST 16101
LACS 16100,HIST 36101
LACS 16100,LACS 34600
LACS 16100,SOSC 26100
LACS 16200,ANTH 23102
LACS 16200,CRES 16102
LACS 16200,HIST 16102
LACS 16200,HIST 36102
LACS 16200,LACS 34700
LACS 16200,SOSC 26200
LACS 16300,ANTH 23103
LACS 16300,CRES 16103
LACS 16300,HIST 16103
LACS 16300,HIST 36103
LACS 16300,LACS 34800
LACS 16300,SOSC 26300
LACS 16460,ARTH 16460
LACS 16700,ARTH 16600
LACS 17735,ARTH 17735
LACS 21205,ARTH 21205
LACS 21205,ARTH 31205
LACS 21205,LACS 31205
LACS 22310,SPAN 22310
LACS 22310,LACS 32310
LACS 22310,SPAN 32310
LACS 22314,SPAN 22314
LACS 22314,LACS 32314
LACS 22314,SPAN 32314
LACS 22501,LACS 32501
LACS 22502,LACS 32502
LACS 22503,LACS 32503
LACS 23510,FREN 23510
LACS 23510,FREN 33510
LACS 23510,LACS 33510
LACS 24250,ARTH 24250
LACS 24250,GNSE 24250
LACS 24512,LACS 34512
LACS 24513,LACS 34513
LACS 24514,LACS 34514
LACS 24801,SPAN 24801
LACS 24801,LACS 34801
LACS 24801,SPAN 34800
LACS 25100,HIST 26214
LACS 25100,HIST 36214
LACS 25100,LACS 35100
LACS 27808,ARTH 27808
LACS 27808,ARTH 37808
LACS 27808,LACS 37808
LACS 27901,CHDV 27901
LACS 27901,CHDV 47901
LACS 27901,LACS 47901
LACS 27902,CHDV 27902
LACS 27902,CHDV 47902
LACS 27903,CHDV 27903
LACS 27903,CHDV 47903
LACS 27903,LACS 47903
LACS 29700,LACS 40100
LLSO 20601,HIST 25300
LLSO 20601,HIST 35300
LLSO 20702,HIST 20101
LLSO 20702,CRES 20101
LLSO 20702,HIST 30101
LLSO 21710,FNDL 29300
LLSO 21710,PLSC 32100
LLSO 21710,SCTH 31710
LLSO 21710,PLSC 20800
LLSO 21810,PLSC 21810
LLSO 21810,HMRT 39000
LLSO 21810,PLSC 39000
LLSO 21811,HIST 29005
LLSO 22104,CHSS 31900
LLSO 22104,HIPS 26700
LLSO 22104,HIST 33000
LLSO 22104,HIST 23000
LLSO 22612,PHIL 21600
LLSO 22612,GNSE 21601
LLSO 22612,PLSC 22600
LLSO 23501,HIST 35415
LLSO 23501,CHSS 35415
LLSO 23501,HIST 25415
LLSO 23900,PLSC 28800
LLSO 23900,PLSC 48800
LLSO 24300,LAWS 59800
LLSO 24300,LAWS 49801
LLSO 24711,FNDL 24711
LLSO 24711,HIST 27102
LLSO 25411,HIST 37006
LLSO 25411,HIST 27006
LLSO 25417,PLSC 25800
LLSO 25612,PLSC 25612
LLSO 25903,PLSC 23010
LLSO 25903,HMRT 23010
LLSO 26815,CRES 16402
LLSO 26815,HIST 16402
LLSO 28500,PLSC 48300
LLSO 28500,FNDL 23400
LLSO 28500,SCTH 30300
LLSO 20602,HIST 28301
LLSO 20602,HIST 38301
LLSO 20603,HIST 18700
LLSO 20606,HIST 18710
LLSO 20911,PLSC 26610
LLSO 21103,HIST 28905
LLSO 21103,ENGL 25417
LLSO 21103,GNSE 28905
LLSO 21103,HIST 38905
LLSO 21210,HIST 27412
LLSO 21210,CRES 27412
LLSO 22106,HIST 18804
LLSO 22106,GNSE 18804
LLSO 22210,HIST 27705
LLSO 22210,CRES 27705
LLSO 22210,HIST 37705
LLSO 22612,PHIL 21600
LLSO 22612,GNSE 21601
LLSO 22612,PLSC 22600
LLSO 22707,HIST 22707
LLSO 22707,HIST 32707
LLSO 22710,PLSC 22710
LLSO 23100,ENST 23100
LLSO 23100,PBPL 23100
LLSO 23114,HIST 33512
LLSO 23114,HMRT 23302
LLSO 23114,HMRT 33002
LLSO 23114,HIST 23512
LLSO 23402,HIST 22117
LLSO 23402,HIST 32117
LLSO 23402,HMRT 23301
LLSO 23402,HMRT 33001
LLSO 23415,PLSC 23415
LLSO 23415,HIST 23300
LLSO 23415,HIST 33300
LLSO 23415,PLSC 32815
LLSO 24000,PLSC 29200
LLSO 24011,PLSC 22515
LLSO 24011,PLSC 42515
LLSO 24901,PBPL 24701
LLSO 24901,ENST 24701
LLSO 25100,HMRT 20100
LLSO 25100,HMRT 30100
LLSO 25100,PHIL 21700
LLSO 25100,PHIL 31600
LLSO 25100,HIST 29301
LLSO 25100,HIST 39301
LLSO 25100,INRE 31600
LLSO 25100,LAWS 41200
LLSO 25100,MAPH 40000
LLSO 25203,HIST 25203
LLSO 25203,HIST 35203
LLSO 25204,HIST 25204
LLSO 25204,HIST 35204
LLSO 25215,PLSC 25215
LLSO 25610,PLSC 25610
LLSO 25903,PLSC 23010
LLSO 25903,HMRT 23010
LLSO 25904,HIST 17805
LLSO 26000,HIST 27001
LLSO 26000,HIST 37001
LLSO 26109,PLSC 26109
LLSO 26201,ENST 21800
LLSO 26201,PBPL 21800
LLSO 26202,ECON 26600
LLSO 26202,GEOG 26600
LLSO 26202,GEOG 36600
LLSO 26202,PBPL 24500
LLSO 26500,CRES 26500
LLSO 26500,CRES 36500
LLSO 26500,HIST 26500
LLSO 26500,HIST 36500
LLSO 26500,LACS 36500
LLSO 26601,PLSC 28000
LLSO 26601,PLSC 38000
LLSO 26702,PLSC 28600
LLSO 26802,PLSC 22400
LLSO 26803,HIST 27114
LLSO 26803,CRES 27114
LLSO 26803,HIST 37114
LLSO 26803,HMRT 27114
LLSO 26804,PLSC 26800
LLSO 27100,HMRT 20200
LLSO 27100,CRES 29302
LLSO 27100,HIST 29302
LLSO 27100,HIST 39302
LLSO 27100,HMRT 30200
LLSO 27100,INRE 31700
LLSO 27100,LAWS 41301
LLSO 27101,PLSC 23100
LLSO 27200,HMRT 20300
LLSO 27200,HMRT 30300
LLSO 27200,HIST 29303
LLSO 27200,HIST 39303
LLSO 27200,INRE 31800
LLSO 27200,LAWS 78201
LLSO 27306,HIST 37306
LLSO 27306,HMRT 27306
LLSO 27306,HMRT 37306
LLSO 27306,HIST 27306
LLSO 27307,PLSC 29500
LLSO 27601,HIST 30109
LLSO 27601,CRES 20109
LLSO 27601,CRES 30109
LLSO 27601,HIST 20109
LLSO 27704,PLSC 37702
LLSO 27704,PLSC 27702
LLSO 27801,HUMA 25202
LLSO 27801,HIPS 25203
LLSO 27801,CMST 25204
LLSO 27801,TAPS 28452
LLSO 28000,HIST 18600
LLSO 28000,HMRT 28600
LLSO 28010,AMER 27605
LLSO 28010,CRES 27605
LLSO 28010,GNSE 27605
LLSO 28010,HMRT 27061
LLSO 28010,HIST 27605
LLSO 28100,PLSC 22510
LLSO 28212,PLSC 28212
LLSO 28311,HIST 23401
LLSO 28311,HIST 33401
LLSO 28311,JWSC 23401
LLSO 28311,PLSC 23401
LLSO 28311,PLSC 33401
LLSO 28313,HIST 28704
LLSO 28313,CRES 28704
LLSO 28313,GNSE 28703
LLSO 28313,GNSE 38702
LLSO 28313,HIST 38704
LLSO 28314,AFAM 27403
LLSO 28314,CRES 27403
LLSO 28314,CRES 37403
LLSO 28314,HIST 27403
LLSO 28314,HIST 37403
LLSO 28604,GNDR 28604
LLSO 28604,HIST 28604
LLSO 28604,HMRT 28604
LLSO 28613,PLSC 28615
LLSO 28710,PLSC 28710
LLSO 28711,HIST 27400
LLSO 28711,AFAM 27403
LLSO 28711,CRES 27400
LLSO 28711,CRES 37400
LLSO 28711,HIST 37400
LLSO 29201,PLSC 29201
LGLN 10101,ARME 10101
LGLN 10101,EEUR 21100
LGLN 10102,ARME 10102
LGLN 10102,EEUR 21200
LGLN 10103,ARME 10103
LGLN 10103,EEUR 21300
LGLN 10115,TAML 10100
LGLN 10215,TAML 10200
LGLN 10315,TAML 10300
LGLN 18700,KAZK 10101
LGLN 18711,TURK 10101
LGLN 18712,TURK 10102
LGLN 18713,TURK 10103
LGLN 20101,ARME 20101
LGLN 20102,ARME 20102
LGLN 20103,ARME 20103
LGLN 20115,TAML 20100
LGLN 20215,TAML 20200
LGLN 20315,TAML 20300
LGLN 21101,GEEZ 10101
LGLN 21102,GEEZ 10102
LGLN 22001,SLAV 22001
LGLN 24300,SOSL 21700
LGLN 24300,SOSL 31700
LGLN 24300,LGLN 34300
LGLN 24600,AANL 10101
LGLN 24600,LGLN 34600
LGLN 24700,AANL 10102
LGLN 24700,LGLN 34700
LGLN 24800,AANL 10103
LGLN 24800,LGLN 34800
LGLN 27200,YDDH 10100
LGLN 27200,JWSC 20300
LGLN 27200,YDDH 37300
LGLN 27300,YDDH 10200
LGLN 27300,JWSC 20400
LGLN 27300,YDDH 37400
LGLN 27400,YDDH 10300
LGLN 27400,JWSC 20500
LGLN 27400,YDDH 37500
LGLN 27800,ANTH 27700
LGLN 27800,ANTH 47900
LGLN 27800,EEUR 21000
LGLN 27800,EEUR 31000
LGLN 27800,LGLN 37800
LGLN 29700,EEUR 20900
LGLN 29700,EEUR 30900
LGLN 29700,LGLN 39700
LING 20150,LING 30150
LING 20150,CHDV 20150
LING 20150,CHDV 30150
LING 21000,LING 31000
LING 21010,LING 31010
LING 21600,PSYC 23200
LING 21600,CHDV 23900
LING 21920,CHSS 41920
LING 21920,ANTH 47305
LING 21920,CHDV 41920
LING 21920,EVOL 41920
LING 21920,PSYC 41920
LING 21920,LING 41920
LING 23920,LING 33920
LING 24450,LING 44400
LING 25000,LING 35000
LING 25160,LING 35160
LING 25360,LING 45000
LING 26310,SLAV 20600
LING 26310,SLAV 30600
LING 26310,LING 36310
LING 26400,SLAV 20100
LING 26400,LING 36400
LING 26400,SLAV 30100
LING 27010,PSYC 27010
LING 27130,ANTH 27130
LING 27200,SLAV 23000
LING 27200,ANTH 27400
LING 27200,ANTH 37400
LING 27200,HUMA 27400
LING 27200,LING 37200
LING 27200,SLAV 33000
LING 27220,ANTH 27505
LING 27340,LING 37340
LING 27500,ANTH 27705
LING 27500,ANTH 47905
LING 27500,CRES 27500
LING 27500,CRES 37500
LING 27500,LING 37500
LING 27700,CHDV 21901
LING 27700,ANTH 27605
LING 27700,ANTH 37605
LING 27700,CHDV 31901
LING 27700,PSYC 21950
LING 27700,PSYC 31900
LING 27700,LING 37700
LING 27860,LING 37860
LING 27910,LING 37910
LING 28600,CMSC 25020
LING 28600,CMSC 35050
LING 28600,LING 38600
LING 29405,ANTH 27305
LING 29405,CHDV 20405
LING 29601,EALC 26601
LING 29601,EALC 36601
LING 29601,LING 39601
MOGK 10100,MOGK 30100
MOGK 10200,MOGK 30200
MATH 27700,CMSC 27700
MATH 27800,CMSC 27800
MATH 28000,CMSC 28000
MATH 28100,CMSC 28100
ARTH 14215,CLCV 24215
ARTH 17211,EALC 17211
ARTH 17612,FNDL 21411
ARTH 23005,ARTH 33005
ARTH 23005,NEAA 23005
ARTH 23005,NEAA 33005
ENGL 15600,GNSE 15600
FNDL 21103,ITAL 33900
FNDL 21103,CMLT 26701
FNDL 21103,CMLT 36701
FNDL 21103,ITAL 23900
FNDL 21714,ITAL 23502
FNDL 21714,ITAL 33502
FNDL 21714,REMS 33502
FNDL 26106,RLLT 26106
FNDL 26106,NEHC 26106
HCHR 30200,THEO 30200
HIST 21701,HIST 31701
HIST 21701,CLCV 24306
HIST 21701,CLAS 34306
HIST 21702,HIST 31702
HIST 21702,CLCV 24307
HIST 21702,CLAS 34307
HIST 23310,HIST 33310
HIST 23510,FNDL 23902
HIST 23510,HIST 33510
HIST 23514,HIST 33514
HIST 25701,CLAS 30200
HIST 25701,CLCV 20200
HIST 25701,CMES 30634
HIST 25701,CRES 25701
HIST 25701,HIST 35701
HIST 25701,NEHC 20634
HIST 25701,NEHC 30634
ITAL 23502,FNDL 21714
ITAL 23502,ITAL 33502
ITAL 23502,REMS 33502
LATN 25000,LATN 35000
LATN 25000,FNDL 24310
NEHC 20411,JWSC 23000
NEHC 20411,NEHC 30411
NEHC 20412,NEHC 30412
NEHC 20412,JWSC 23100
NEHC 20413,NEHC 30413
NEHC 20413,HUMA 23200
NEHC 20413,JWSC 23200
NEHC 30411,NEHC 20411
NEHC 30411,JWSC 23000
NEHC 30412,JWSC 23100
NEHC 30412,NEHC 20412
NEHC 30413,HUMA 23200
NEHC 30413,JWSC 23200
NEHC 30413,NEHC 20413
NEHC 20501,NEHC 30501
NEHC 20501,HIST 25704
NEHC 20501,HIST 35704
NEHC 20501,ISLM 30500
NEHC 20501,RLST 20501
NEHC 20502,NEHC 30502
NEHC 20502,HIST 25804
NEHC 20502,HIST 35804
NEHC 20502,ISLM 30600
NEHC 20503,NEHC 30503
NEHC 20503,HIST 25904
NEHC 20503,HIST 35904
NEHC 20503,ISLM 30700
NEHC 30501,HIST 25704
NEHC 30501,HIST 35704
NEHC 30501,ISLM 30500
NEHC 30501,RLST 20501
NEHC 30501,NEHC 20501
NEHC 20601,NEHC 30601
NEHC 20601,RLST 20401
NEHC 20601,SOSC 22000
NEHC 20602,NEHC 30602
NEHC 20602,RLST 20402
NEHC 20602,SOSC 22100
NEHC 20603,NEHC 30603
NEHC 20603,RLST 20403
NEHC 20603,SOSC 22200
NEHC 30601,RLST 20401
NEHC 30601,SOSC 22000
NEHC 30601,NEHC 20601
NEHC 30602,RLST 20402
NEHC 30602,SOSC 22100
NEHC 30602,NEHC 20602
NEHC 30603,RLST 20403
NEHC 30603,SOSC 22200
NEHC 30603,NEHC 20603
PHIL 26000,HIPS 26000
RLST 21801,HIST 27905
SLAV 22000,LGLN 25100
SLAV 22000,LGLN 35100
SLAV 22000,SLAV 32000
SLAV 22302,CMLT 32302
SLAV 22302,CLAS 31113
SLAV 22302,CLCV 21113
SLAV 22302,SLAV 32302
SLAV 22302,CMLT 22302
MENG 20000,MENG 30000
MENG 21900,PHYS 25500
MENG 21900,BIOS 21506
MENG 24100,MENG 34100
MENG 24200,MENG 34200
MUSI 10200,CRES 10200
MUSI 12100,HIST 12700
MUSI 12100,SOSC 21100
MUSI 12200,HIST 12800
MUSI 12200,SOSC 21200
MUSI 23300,MUSI 33300
MUSI 23503,NEHC 30765
MUSI 23503,ANTH 25905
MUSI 23503,EEUR 23400
MUSI 23503,EEUR 33400
MUSI 23503,MUSI 33503
MUSI 23503,NEHC 20765
MUSI 23700,SALC 20800
MUSI 23700,SALC 30800
MUSI 23911,MUSI 33911
MUSI 25701,MUSI 31901
MUSI 25800,MUSI 35800
MUSI 26300,MUSI 34700
MUSI 26400,MUSI 34800
MUSI 28914,GRMN 28914
MUSI 28914,GRMN 38914
MUSI 28914,JWSC 28914
MUSI 28914,MUSI 38914
MUSI 28914,RLIT 38914
MUSI 28914,RLST 28914
MUSI 28914,TAPS 28417
NTSC 10300,BIOS 13123
NTSC 10400,BIOS 13107
NTSC 10400,ENST 12404
AANL 10101,LGLN 24600
AANL 10101,LGLN 34600
AANL 10102,LGLN 24700
AANL 10102,LGLN 34700
AANL 10103,LGLN 24800
AANL 10103,LGLN 34800
ARAB 20588,ARAB 30588
ARAM 10101,JWSC 11000
ARAM 10102,JWSC 11100
ARAM 10103,JWSC 11200
ARME 10101,EEUR 21100
ARME 10101,LGLN 10101
ARME 10102,EEUR 21200
ARME 10102,LGLN 10102
ARME 10103,EEUR 21300
ARME 10103,LGLN 10103
ARME 20101,LGLN 20101
ARME 20102,LGLN 20102
ARME 20103,LGLN 20103
EGPT 10101,ANCM 30500
EGPT 10102,ANCM 30501
EGPT 10103,ANCM 30502
EGPT 10201,HCHR 30601
EGPT 10202,HCHR 30602
EGPT 20211,ANCM 34200
GEEZ 10101,LGLN 21101
GEEZ 10102,LGLN 21102
HEBR 10101,JWSC 22000
HEBR 10102,JWSC 22100
HEBR 10103,JWSC 22200
HEBR 10501,JWSC 25000
HEBR 10502,JWSC 25100
HEBR 10503,JWSC 25200
HEBR 20104,JWSC 22300
HEBR 20105,JWSC 22400
HEBR 20106,JWSC 22500
HEBR 20301,JWSC 22201
HEBR 20302,JWSC 22302
HEBR 20501,JWSC 25300
HEBR 20502,JWSC 25400
HEBR 20503,JWSC 25500
KAZK 10101,LGLN 18700
NEAA 10630,ARTH 16709
NEAA 10631,ARTH 16809
NEAA 17205,ARTH 17205
NEAA 20001,NEAA 30001
NEAA 20005,NEAA 30005
NEAA 20006,NEAA 30006
NEAA 20030,ANTH 26715
NEAA 20051,NEAA 30051
NEAA 20061,NEAA 30061
NEAA 20062,ANTH 26711
NEAA 20062,GEOG 25800
NEAA 20532,NEAA 30532
NEAA 20801,ARTH 23400
NEAA 20801,ARTH 33400
NEAA 20801,NEAA 30801
NEHC 10101,HIST 15801
NEHC 20004,NEHC 30004
NEHC 20005,NEHC 30005
NEHC 20006,NEHC 30006
NEHC 30004,NEHC 20004
NEHC 20011,NEHC 30011
NEHC 20011,CLCV 25700
NEHC 20011,HIST 15602
NEHC 20012,NEHC 30012
NEHC 20012,CLCV 25800
NEHC 20012,HIST 15603
NEHC 20013,NEHC 30013
NEHC 20013,CLCV 25900
NEHC 20013,HIST 15604
NEHC 30011,CLCV 25700
NEHC 30011,HIST 15602
NEHC 30011,NEHC 20011
NEHC 20401,JWSC 20001
NEHC 20401,CRES 20001
NEHC 20401,HIST 22113
NEHC 20401,NEHC 30401
NEHC 20401,RLST 20604
NEHC 20402,JWSC 20002
NEHC 20402,HIST 22406
NEHC 20402,NEHC 30402
NEHC 20402,RLST 25801
NEHC 20403,JWSC 20003
NEHC 20403,HIST 22202
NEHC 20403,NEHC 30403
NEHC 20403,RLST 20605
NEHC 20404,NEHC 30404
NEHC 20404,JWSC 20004
NEHC 20405,JWSC 20005
NEHC 20405,NEHC 30405
NEHC 20405,RLST 20408
NEHC 20411,JWSC 23000
NEHC 20411,NEHC 30411
NEHC 20412,NEHC 30412
NEHC 20412,JWSC 23100
NEHC 20413,NEHC 30413
NEHC 20413,HUMA 23200
NEHC 20413,JWSC 23200
NEHC 30411,NEHC 20411
NEHC 30411,JWSC 23000
NEHC 30412,JWSC 23100
NEHC 30412,NEHC 20412
NEHC 30413,HUMA 23200
NEHC 30413,JWSC 23200
NEHC 30413,NEHC 20413
NEHC 20416,HIST 15702
NEHC 20417,HIST 15703
NEHC 20418,HIST 15704
NEHC 20491,RLST 20911
NEHC 20491,HIJD 30911
NEHC 20491,JWSC 20911
NEHC 20501,NEHC 30501
NEHC 20501,HIST 25704
NEHC 20501,HIST 35704
NEHC 20501,ISLM 30500
NEHC 20501,RLST 20501
NEHC 20502,NEHC 30502
NEHC 20502,HIST 25804
NEHC 20502,HIST 35804
NEHC 20502,ISLM 30600
NEHC 20503,NEHC 30503
NEHC 20503,HIST 25904
NEHC 20503,HIST 35904
NEHC 20503,ISLM 30700
NEHC 30501,HIST 25704
NEHC 30501,HIST 35704
NEHC 30501,ISLM 30500
NEHC 30501,RLST 20501
NEHC 30501,NEHC 20501
NEHC 20573,SOSL 27300
NEHC 20573,CMLT 23401
NEHC 20573,CMLT 33401
NEHC 20573,HIST 24005
NEHC 20573,HIST 34005
NEHC 20573,NEHC 30573
NEHC 20573,SOSL 37300
NEHC 20601,NEHC 30601
NEHC 20601,RLST 20401
NEHC 20601,SOSC 22000
NEHC 20602,NEHC 30602
NEHC 20602,RLST 20402
NEHC 20602,SOSC 22100
NEHC 20603,NEHC 30603
NEHC 20603,RLST 20403
NEHC 20603,SOSC 22200
NEHC 30601,RLST 20401
NEHC 30601,SOSC 22000
NEHC 30601,NEHC 20601
NEHC 30602,RLST 20402
NEHC 30602,SOSC 22100
NEHC 30602,NEHC 20602
NEHC 30603,RLST 20403
NEHC 30603,SOSC 22200
NEHC 30603,NEHC 20603
NEHC 20634,HIST 25701
NEHC 20634,CLAS 30200
NEHC 20634,CLCV 20200
NEHC 20634,CMES 30634
NEHC 20634,CRES 25701
NEHC 20634,HIST 35701
NEHC 20634,NEHC 30634
NEHC 20636,NEHC 30636
NEHC 20652,NEHC 30652
NEHC 20765,NEHC 30765
NEHC 20765,ANTH 25905
NEHC 20765,EEUR 23400
NEHC 20765,EEUR 33400
NEHC 20765,MUSI 23503
NEHC 20765,MUSI 33503
NEHC 20885,SOSL 27200
NEHC 20885,CMLT 23201
NEHC 20885,CMLT 33201
NEHC 20885,NEHC 30885
NEHC 20885,SOSL 37200
NEHC 26106,RLLT 26106
NEHC 26106,FNDL 26106
NEHC 26514,CLCV 26514
NEHC 26514,CLAS 36514
NEHC 26514,NEHC 36514
NEHC 26914,CLCV 26914
NEHC 26914,CLAS 36914
NEHC 26914,NEHC 36914
PERS 20320,PERS 30320
PERS 20321,PERS 30321
TURK 10101,LGLN 18711
TURK 10102,LGLN 18712
TURK 10103,LGLN 18713
PHIL 20100,CHSS 33500
PHIL 20100,HIPS 20700
PHIL 20100,PHIL 30000
PHIL 20117,PHIL 30117
PHIL 20212,PHIL 30212
PHIL 21000,FNDL 23107
PHIL 21600,GNSE 21601
PHIL 21600,LLSO 22612
PHIL 21600,PLSC 22600
PHIL 21610,BPRO 22610
PHIL 21610,BIOS 29313
PHIL 21610,HIPS 21911
PHIL 21700,HMRT 20100
PHIL 21700,HMRT 30100
PHIL 21700,PHIL 31600
PHIL 21700,HIST 29301
PHIL 21700,HIST 39301
PHIL 21700,INRE 31600
PHIL 21700,LAWS 41200
PHIL 21700,MAPH 40000
PHIL 21700,LLSO 25100
PHIL 21720,FNDL 21908
PHIL 22000,HIST 25109
PHIL 22000,HIST 35109
PHIL 22000,PHIL 32000
PHIL 22820,PLSC 22825
PHIL 23005,PHIL 33005
PHIL 23011,RLST 23011
PHIL 23408,FNDL 23408
PHIL 23408,PHIL 33408
PHIL 24025,PHIL 34025
PHIL 24208,PHIL 34208
PHIL 24208,FNDL 24208
PHIL 24208,LAWS 52403
PHIL 24208,LATN 28614
PHIL 24208,CLAS 38614
PHIL 24208,RETH 38614
PHIL 24301,HIST 25506
PHIL 24301,HIST 35506
PHIL 24301,HIPS 25506
PHIL 24301,CHSS 35506
PHIL 24301,PHIL 34301
PHIL 24800,CMLT 25001
PHIL 24800,FNDL 22001
PHIL 24800,GNSE 23100
PHIL 24800,HIPS 24300
PHIL 25000,CLCV 22700
PHIL 25115,DVPR 35115
PHIL 25115,HIJD 35115
PHIL 25115,ITAL 25115
PHIL 25115,ITAL 35115
PHIL 25115,JWSC 26115
PHIL 25115,PHIL 35115
PHIL 25115,RLST 25115
PHIL 25706,FNDL 25706
PHIL 25706,PHIL 35706
PHIL 26000,HIPS 26000
PHIL 28010,PHIL 38010
PHIL 29425,PHIL 39425
PHSC 13400,ENST 12300
PHSC 13400,GEOS 13400
PHSC 13400,ENST 12300
PHSC 13400,GEOS 13400
PHSC 13500,ENST 12100
PHSC 13400,ENST 12300
PHSC 13400,GEOS 13400
PHSC 13500,ENST 12100
PHSC 18100,ASTR 18100
PHSC 18200,ASTR 18200
PHSC 18300,ASTR 18300
PHYS 25500,BIOS 21506
PHYS 25500,MENG 21900
PLSC 20693,SCTH 20693
PLSC 20693,FNDL 20601
PLSC 21216,GNSE 21216
PLSC 22400,LLSO 26802
PLSC 22600,PHIL 21600
PLSC 22600,GNSE 21601
PLSC 22600,LLSO 22612
PLSC 22825,PHIL 22820
PLSC 23100,LLSO 27101
PLSC 23415,HIST 23300
PLSC 23415,HIST 33300
PLSC 23415,LLSO 23415
PLSC 23415,PLSC 32815
PLSC 23720,PLSC 33720
PLSC 23910,PLSC 33910
PLSC 23910,FNDL 23910
PLSC 23915,CLAS 33915
PLSC 23915,CLCV 23915
PLSC 23915,FNDL 23915
PLSC 23915,PLSC 33915
PLSC 25310,PLSC 35310
PLSC 25610,LLSO 25610
PLSC 25810,PLSC 35810
PLSC 25900,PLSC 35600
PLSC 26800,LLSO 26804
PLSC 27216,LLSO 28200
PLSC 27216,PLSC 52316
PLSC 27216,FNDL 28102
PLSC 27315,PLSC 52415
PLSC 27500,PLSC 37500
PLSC 27500,SOCI 30301
PLSC 28500,JWSC 26600
PLSC 28710,LLSO 28710
PLSC 28800,LLSO 23900
PLSC 28800,PLSC 48800
PLSC 28900,PLSC 39900
PLSC 29000,PLSC 39800
PLSC 29200,LLSO 24000
PLSC 29500,LLSO 27307
PSYC 20209,CHDV 20209
PSYC 20300,BIOS 29300
PSYC 20500,CHDV 25900
PSYC 20600,CHDV 26000
PSYC 20850,CHDV 20000
PSYC 21950,CHDV 21901
PSYC 21950,ANTH 27605
PSYC 21950,ANTH 37605
PSYC 21950,CHDV 31901
PSYC 21950,PSYC 31900
PSYC 21950,LING 27700
PSYC 21950,LING 37700
PSYC 23000,CHDV 21000
PSYC 23000,AMER 33000
PSYC 23000,ANTH 24320
PSYC 23000,ANTH 35110
PSYC 23000,CHDV 31000
PSYC 23000,GNSE 21001
PSYC 23000,GNSE 31000
PSYC 23000,PSYC 33000
PSYC 23165,PSYC 33165
PSYC 23200,CHDV 23900
PSYC 23200,LING 21600
PSYC 23249,BIOS 23249
PSYC 23249,CHDV 23249
PSYC 23249,HDCP 41650
PSYC 24050,BPRO 24000
PSYC 24050,HUMA 24005
PSYC 24050,PSYC 34050
PSYC 25120,PBPL 25120
PSYC 25120,CHDV 25120
PSYC 26219,CHDV 26233
PSYC 27010,LING 27010
PBPL 20305,CHDV 20305
PBPL 20305,CHDV 40315
PBPL 20305,CRES 20305
PBPL 21800,ENST 21800
PBPL 21800,LLSO 26201
PBPL 23000,SOCI 20101
PBPL 23000,SOCI 30101
PBPL 23100,ENST 23100
PBPL 23100,LLSO 23100
PBPL 23200,ECON 28700
PBPL 23600,SOCI 20106
PBPL 23600,ENST 23500
PBPL 23600,SOCI 30106
PBPL 24500,ECON 26600
PBPL 24500,GEOG 26600
PBPL 24500,GEOG 36600
PBPL 24500,LLSO 26202
PBPL 24701,ENST 24701
PBPL 24701,LLSO 24901
PBPL 24800,SOCI 20120
PBPL 24800,SOCI 30120
PBPL 24800,SOCI 20120
PBPL 24901,CRES 24901
PBPL 24901,LACS 24901
PBPL 25120,CHDV 25120
PBPL 25120,PSYC 25120
PBPL 25405,CRES 25405
PBPL 25620,ECON 25620
PBPL 25620,PPHA 37500
PBPL 26530,ENST 26530
PBPL 26530,ECON 26530
PBPL 26530,PPHA 32510
PBPL 26531,ENST 26531
PBPL 26531,ECON 26540
PBPL 26531,PPHA 32520
PBPL 26700,ECON 26700
PBPL 26801,CRES 26801
PBPL 27070,SOCI 20222
PBPL 27750,ENST 27750
PBPL 27751,ENST 27751
PBPL 27821,CHDV 27821
PBPL 27821,SOCI 20226
PBPL 28605,ECON 28600
PBPL 29000,BPRO 29000
PBPL 29000,CHSS 37502
PBPL 29000,ECON 26800
PBPL 29000,ENST 29000
PBPL 29000,PPHA 39201
PBPL 29000,PSMS 39000
PBPL 29304,CHDV 20304
PBPL 29304,SOCI 30314
PBPL 29411,PSYC 32411
PBPL 29411,STAT 33211
PBPL 29411,CCTS 32411
PBPL 29411,CHDV 32411
PBPL 29701,ENST 29701
RLST 11005,JWSC 20004
RLST 11005,BIBL 31000
RLST 20408,JWSC 20005
RLST 20408,NEHC 20405
RLST 20408,NEHC 30405
RLST 12000,BIBL 32500
RLST 12000,FNDL 28202
RLST 20401,NEHC 30601
RLST 20401,SOSC 22000
RLST 20401,NEHC 20601
RLST 20402,NEHC 30602
RLST 20402,SOSC 22100
RLST 20402,NEHC 20602
RLST 20403,NEHC 30603
RLST 20403,SOSC 22200
RLST 20403,NEHC 20603
RLST 20501,NEHC 30501
RLST 20501,HIST 25704
RLST 20501,HIST 35704
RLST 20501,ISLM 30500
RLST 20501,NEHC 20501
RLST 20604,JWSC 20001
RLST 20604,CRES 20001
RLST 20604,HIST 22113
RLST 20604,NEHC 20401
RLST 20604,NEHC 30401
RLST 20605,JWSC 20003
RLST 20605,HIST 22202
RLST 20605,NEHC 20403
RLST 20605,NEHC 30403
RLST 25801,JWSC 20002
RLST 25801,HIST 22406
RLST 25801,NEHC 20402
RLST 25801,NEHC 30402
RLST 20911,HIJD 30911
RLST 20911,JWSC 20911
RLST 20911,NEHC 20491
RLST 21311,HIPS 27013
RLST 21311,HIST 27013
RLST 22311,CLCV 22314
RLST 22602,HIST 23002
RLST 23011,PHIL 23011
RLST 23403,BPRO 28100
RLST 23603,BPRO 23000
RLST 23603,ASTR 23000
RLST 24201,DVPR 30200
RLST 24201,HREL 30200
RLST 24201,SALC 20901
RLST 24201,SALC 30901
RLST 24202,DVPR 30300
RLST 24202,HREL 30300
RLST 24202,SALC 20902
RLST 24202,SALC 30902
RLST 25115,PHIL 25115
RLST 25115,DVPR 35115
RLST 25115,HIJD 35115
RLST 25115,ITAL 25115
RLST 25115,ITAL 35115
RLST 25115,JWSC 26115
RLST 25115,PHIL 35115
RLST 25601,FNDL 26107
RLST 26800,FNDL 24400
RLST 26800,HREL 35000
RLST 26800,SALC 20400
RLST 26800,SALC 48200
RLST 27710,SALC 25704
RLST 28304,ARTH 44604
RLST 28304,HCHR 44604
RLST 28304,RLIT 44604
RLST 28704,ARTH 44014
RLST 28704,HCHR 44004
RLST 28704,RLIT 44004
RLST 28914,GRMN 28914
RLST 28914,GRMN 38914
RLST 28914,JWSC 28914
RLST 28914,MUSI 28914
RLST 28914,MUSI 38914
RLST 28914,RLIT 38914
RLST 28914,TAPS 28417
CATA 21900,CATA 31900
CATA 22015,CATA 32015
CATA 27513,CATA 37513
CATA 27513,SPAN 27513
CATA 27513,SPAN 37513
FREN 21503,FREN 31503
FREN 21600,FREN 31600
FREN 23510,FREN 33510
FREN 23510,LACS 23510
FREN 23510,LACS 33510
FREN 23600,FREN 33600
FREN 24300,FNDL 26904
FREN 24300,FREN 34300
FREN 25600,FREN 35600
FREN 26303,ARTH 23603
FREN 26303,ARTH 33603
FREN 26303,FREN 36303
FREN 26510,FREN 36510
RLLT 26106,NEHC 26106
RLLT 26106,FNDL 26106
ITAL 21800,FNDL 21810
ITAL 23203,CMST 23202
ITAL 23203,CMST 32302
ITAL 23203,ITAL 33203
ITAL 23502,FNDL 21714
ITAL 23502,ITAL 33502
ITAL 23502,REMS 33502
ITAL 23900,ITAL 33900
ITAL 23900,CMLT 26701
ITAL 23900,CMLT 36701
ITAL 23900,FNDL 21103
ITAL 25115,PHIL 25115
ITAL 25115,DVPR 35115
ITAL 25115,HIJD 35115
ITAL 25115,ITAL 35115
ITAL 25115,JWSC 26115
ITAL 25115,PHIL 35115
ITAL 25115,RLST 25115
ITAL 26200,ITAL 36200
ITAL 26200,CMLT 26700
ITAL 26200,CMLT 36700
ITAL 29000,ITAL 39000
PORT 12200,LACS 12200
SPAN 21100,LACS 21100
SPAN 21903,CRES 21903
SPAN 21903,LACS 21903
SPAN 22003,LACS 22003
SPAN 22310,LACS 22310
SPAN 22310,LACS 32310
SPAN 22310,SPAN 32310
SPAN 22314,LACS 22314
SPAN 22314,LACS 32314
SPAN 22314,SPAN 32314
SPAN 24220,CMLT 24220
SPAN 24220,CMLT 34220
SPAN 24220,FNDL 22405
SPAN 24220,REMS 34220
SPAN 24220,RLLT 34220
SPAN 24220,SPAN 34220
SPAN 24801,LACS 24801
SPAN 24801,LACS 34801
SPAN 24801,SPAN 34800
SPAN 27513,CATA 27513
SPAN 27513,CATA 37513
SPAN 27513,SPAN 37513
HIST 13900,RUSS 25100
HIST 13900,SOSC 24000
HIST 14000,RUSS 25200
HIST 14000,SOSC 24100
RUSS 21302,RUSS 30102
RUSS 21402,RUSS 30202
RUSS 21502,RUSS 30302
RUSS 23900,ENGL 28916
RUSS 23900,FNDL 25300
RUSS 24101,RUSS 34101
RUSS 24101,HIST 23602
RUSS 24101,HIST 33602
RUSS 25500,RUSS 35500
RUSS 25600,RUSS 35600
RUSS 25700,RUSS 35700
RUSS 26105,FNDL 26105
RUSS 26205,RUSS 36205
RUSS 26206,RUSS 36206
SLAV 22000,LGLN 25100
SLAV 22000,LGLN 35100
SLAV 22000,SLAV 32000
SLAV 22302,CMLT 32302
SLAV 22302,CLAS 31113
SLAV 22302,CLCV 21113
SLAV 22302,SLAV 32302
SLAV 22302,CMLT 22302
SLAV 22303,CMLT 32303
SLAV 22303,CLCV 21313
SLAV 22303,CLAS 31313
SLAV 22303,SLAV 32303
SLAV 22303,CMLT 22303
BCSN 10100,BCSN 31000
BCSN 10200,BCSN 31100
BCSN 10300,BCSN 31200
BCSN 20100,BCSN 32000
BCSN 20200,BCSN 32100
BCSN 20300,BCSN 32200
EEUR 20900,EEUR 30900
EEUR 20900,LGLN 29700
EEUR 20900,LGLN 39700
EEUR 21000,LGLN 27800
EEUR 21000,ANTH 27700
EEUR 21000,ANTH 47900
EEUR 21000,EEUR 31000
EEUR 21000,LGLN 37800
EEUR 21100,ARME 10101
EEUR 21100,LGLN 10101
EEUR 21200,ARME 10102
EEUR 21200,LGLN 10102
EEUR 21300,ARME 10103
EEUR 21300,LGLN 10103
EEUR 23400,NEHC 30765
EEUR 23400,ANTH 25905
EEUR 23400,EEUR 33400
EEUR 23400,MUSI 23503
EEUR 23400,MUSI 33503
EEUR 23400,NEHC 20765
EEUR 29301,EEUR 39301
EEUR 29301,CMST 25521
EEUR 29301,CMST 35521
SLAV 20100,LING 26400
SLAV 20100,LING 36400
SLAV 20100,SLAV 30100
SLAV 20600,LING 26310
SLAV 20600,SLAV 30600
SLAV 20600,LING 36310
SLAV 23000,ANTH 27400
SLAV 23000,ANTH 37400
SLAV 23000,HUMA 27400
SLAV 23000,LING 27200
SLAV 23000,LING 37200
SLAV 23000,SLAV 33000
SLAV 23510,HIST 23515
SLAV 23510,GRMN 23510
SLAV 23510,JWSC 26310
SLAV 26500,HIST 29312
SLAV 26500,HIST 39313
SLAV 26500,SLAV 36500
SLAV 26500,HMRT 26500
GEOR 22100,EEUR 21400
GEOR 22100,EEUR 31400
GEOR 22100,GEOR 32100
GEOR 22100,LGLN 22100
GEOR 22100,LGLN 32100
GEOR 22200,EEUR 21500
GEOR 22200,EEUR 31500
GEOR 22200,GEOR 32200
GEOR 22200,LGLN 22200
GEOR 22200,LGLN 32200
GEOR 22300,EEUR 21600
GEOR 22300,EEUR 31600
GEOR 22300,LGLN 22300
GEOR 22300,LGLN 32300
GEOR 22400,GEOR 32400
GEOR 22400,LGLN 22400
GEOR 22400,LGLN 32400
GEOR 22500,GEOR 32500
GEOR 22500,LGLN 22500
GEOR 22500,LGLN 32500
GEOR 22600,GEOR 32600
GEOR 22600,LGLN 22600
GEOR 22600,LGLN 32600
POLI 20500,POLI 30100
POLI 20600,POLI 30200
POLI 20700,POLI 30300
POLI 22400,CMST 24400
POLI 22400,CMST 34400
POLI 22400,POLI 32400
POLI 22410,POLI 32410
POLI 24100,POLI 40100
POLI 24200,POLI 40200
POLI 24300,POLI 40300
POLI 25301,POLI 35301
POLI 25301,ISHU 29405
POLI 25301,FNDL 26903
RUSS 21302,RUSS 30102
RUSS 21402,RUSS 30202
RUSS 21502,RUSS 30302
RUSS 22302,CMLT 22301
RUSS 22302,CMLT 32301
RUSS 22302,ENGL 28912
RUSS 22302,ENGL 32302
RUSS 22302,FNDL 27103
RUSS 22302,HIST 23704
RUSS 22302,RUSS 32302
RUSS 25100,HIST 13900
RUSS 25100,SOSC 24000
RUSS 25200,HIST 14000
RUSS 25200,SOSC 24100
RUSS 25500,RUSS 35500
RUSS 25502,RUSS 35502
RUSS 25600,RUSS 35600
RUSS 26208,RUSS 36208
RUSS 27300,SOSL 37700
RUSS 27300,CMLT 27701
RUSS 27300,CMLT 37701
RUSS 27300,RUSS 37300
RUSS 27300,SOSL 27700
SOSL 21700,SOSL 31700
SOSL 21700,LGLN 24300
SOSL 21700,LGLN 34300
SOSL 26800,ANTH 25908
SOSL 26800,ANTH 35908
SOSL 26800,CMLT 23301
SOSL 26800,CMLT 33301
SOSL 26800,NEHC 20568
SOSL 26800,NEHC 30568
SOSL 26800,SOSL 36800
SOSL 27200,CMLT 23201
SOSL 27200,CMLT 33201
SOSL 27200,NEHC 20885
SOSL 27200,NEHC 30885
SOSL 27200,SOSL 37200
SOSL 27300,CMLT 23401
SOSL 27300,CMLT 33401
SOSL 27300,HIST 24005
SOSL 27300,HIST 34005
SOSL 27300,NEHC 20573
SOSL 27300,NEHC 30573
SOSL 27300,SOSL 37300
SOSL 27601,SOSL 37601
SOSL 27601,CMLT 23902
SOSL 27601,CMLT 33902
SOSL 27601,GNSE 27607
SOSL 27700,SOSL 37700
SOSL 27700,CMLT 27701
SOSL 27700,CMLT 37701
SOSL 27700,RUSS 27300
SOSL 27700,RUSS 37300
SOSC 02980,HUMA 02980
SOSC 20200,SOCI 20118
SOSC 20200,MAPS 30900
SOSC 20200,SOCI 30118
SOSC 20200,SOSC 30900
SOSC 20200,SSAD 53200
SOSC 21100,MUSI 12100
SOSC 21100,HIST 12700
SOSC 21200,MUSI 12200
SOSC 21200,HIST 12800
SOSC 22000,NEHC 30601
SOSC 22000,RLST 20401
SOSC 22000,NEHC 20601
SOSC 22100,NEHC 30602
SOSC 22100,RLST 20402
SOSC 22100,NEHC 20602
SOSC 22200,NEHC 30603
SOSC 22200,RLST 20403
SOSC 22200,NEHC 20603
SOSC 23000,SALC 20100
SOSC 23000,ANTH 24101
SOSC 23000,HIST 10800
SOSC 23000,SASC 20000
SOSC 23100,SALC 20200
SOSC 23100,ANTH 24102
SOSC 23100,HIST 10900
SOSC 23100,SASC 20100
SOSC 23500,HIST 15100
SOSC 23500,CRES 10800
SOSC 23500,EALC 10800
SOSC 23600,HIST 15200
SOSC 23600,CRES 10900
SOSC 23600,EALC 10900
SOSC 23700,HIST 15300
SOSC 23700,CRES 11000
SOSC 23700,EALC 11000
SOSC 23801,HIST 15400
SOSC 23801,CRES 11200
SOSC 23801,EALC 15400
SOSC 24000,HIST 13900
SOSC 24000,RUSS 25100
SOSC 24100,HIST 14000
SOSC 24100,RUSS 25200
SOSC 24001,CRES 24001
SOSC 24001,ANTH 24001
SOSC 24001,HIST 18301
SOSC 24002,CRES 24002
SOSC 24002,ANTH 24002
SOSC 24002,HIST 18302
SOSC 24003,CRES 24003
SOSC 24003,ANTH 24003
SOSC 24003,HIST 18303
SOSC 24003,SALC 20702
SOSC 25100,SOCI 20104
SOSC 25100,CRES 20104
SOSC 25100,GEOG 22700
SOSC 25100,GEOG 32700
SOSC 25100,SOCI 30104
SOSC 26100,LACS 16100
SOSC 26100,ANTH 23101
SOSC 26100,CRES 16101
SOSC 26100,HIST 16101
SOSC 26100,HIST 36101
SOSC 26100,LACS 34600
SOSC 26200,LACS 16200
SOSC 26200,ANTH 23102
SOSC 26200,CRES 16102
SOSC 26200,HIST 16102
SOSC 26200,HIST 36102
SOSC 26200,LACS 34700
SOSC 26300,LACS 16300
SOSC 26300,ANTH 23103
SOSC 26300,CRES 16103
SOSC 26300,HIST 16103
SOSC 26300,HIST 36103
SOSC 26300,LACS 34800
SOSC 26900,BPRO 24800
SOSC 26900,ENST 24800
SOSC 26900,BIOS 02810
SOSC 34500,ANTH 24511
SOSC 34500,ANTH 34502
SOSC 34500,CHDV 38101
SOSC 34500,CRES 34501
SOSC 34500,MAPS 34500
SOSC 34600,ANTH 24512
SOSC 34600,CRES 34502
SOCI 20004,SOCI 30004
SOCI 20101,PBPL 23000
SOCI 20101,SOCI 30101
SOCI 20102,SOCI 30102
SOCI 20103,SOCI 30103
SOCI 20104,CRES 20104
SOCI 20104,GEOG 22700
SOCI 20104,GEOG 32700
SOCI 20104,SOCI 30104
SOCI 20104,SOSC 25100
SOCI 20105,SOCI 30105
SOCI 20105,PPHA 39300
SOCI 20106,ENST 23500
SOCI 20106,PBPL 23600
SOCI 20106,SOCI 30106
SOCI 20107,GNSE 27100
SOCI 20107,SOCI 30107
SOCI 20111,SOCI 30111
SOCI 20118,MAPS 30900
SOCI 20118,SOCI 30118
SOCI 20118,SOSC 20200
SOCI 20118,SOSC 30900
SOCI 20118,SSAD 53200
SOCI 20123,GNSE 20100
SOCI 20140,CRES 20140
SOCI 20150,ANTH 25401
SOCI 20150,ANTH 35401
SOCI 20150,SOCI 30150
SOCI 20157,SOCI 30157
SOCI 20175,GNSE 20170
SOCI 20179,SOCI 30179
SOCI 20191,SOCI 30191
SOCI 20192,SOCI 30192
SOCI 20208,SOCI 30208
SOCI 20219,SOCI 30219
SOCI 20222,PBPL 27070
SOCI 20226,CHDV 27821
SOCI 20226,PBPL 27821
SOCI 20233,SOCI 30233
SANS 20200,HREL 36000
SANS 20200,SALC 48400
SALC 20100,ANTH 24101
SALC 20100,HIST 10800
SALC 20100,SASC 20000
SALC 20100,SOSC 23000
SALC 20200,ANTH 24102
SALC 20200,HIST 10900
SALC 20200,SASC 20100
SALC 20200,SOSC 23100
SALC 20400,RLST 26800
SALC 20400,FNDL 24400
SALC 20400,HREL 35000
SALC 20400,SALC 48200
SALC 20508,CMST 24106
SALC 20508,HIST 26707
SALC 20508,HIST 36707
SALC 20508,SALC 30508
SALC 20702,CRES 24003
SALC 20702,ANTH 24003
SALC 20702,HIST 18303
SALC 20702,SOSC 24003
SALC 20800,MUSI 23700
SALC 20800,SALC 30800
SALC 20900,ANTH 25500
SALC 20900,ANTH 42600
SALC 20900,SALC 30900
SALC 20901,RLST 24201
SALC 20901,DVPR 30200
SALC 20901,HREL 30200
SALC 20901,SALC 30901
SALC 20902,RLST 24202
SALC 20902,DVPR 30300
SALC 20902,HREL 30300
SALC 20902,SALC 30902
SALC 22900,ANTH 22910
SALC 25300,GNSE 25310
SALC 25300,RLST 26811
SALC 25302,CRES 25302
SALC 25302,HIST 26604
SALC 25701,FNDL 23601
SALC 25701,GNDR 32200
SALC 25701,HREL 32200
SALC 25701,RLST 27300
SALC 25701,SALC 35701
SALC 25701,SCTH 35600
SALC 25704,RLST 27710
SALC 27300,CMLT 25009
SALC 27300,EALC 25009
TAML 10100,LGLN 10115
TAML 10200,LGLN 10215
TAML 10300,LGLN 10315
TAML 20100,LGLN 20115
TAML 20200,LGLN 20215
TAML 20300,LGLN 20315
STAT 22400,HSTD 32400
STAT 22600,HSTD 32600
STAT 22700,HSTD 32700
STAT 24300,STAT 30750
STAT 24610,STAT 37500
STAT 25300,STAT 31700
STAT 26100,STAT 33600
STAT 26700,CHSS 32900
STAT 26700,HIPS 25600
STAT 26700,STAT 36700
STAT 27400,STAT 37400
STAT 27725,CMSC 25400
TAPS 25500,CRWR 27103
TAPS 27900,ARTV 24550
TAPS 27900,ARTV 34550
TAPS 28400,ENGL 13800
TAPS 28400,CLAS 31200
TAPS 28400,CLCV 21200
TAPS 28400,CMLT 20500
TAPS 28400,CMLT 30500
TAPS 28400,ENGL 31000
TAPS 28401,ENGL 13900
TAPS 28401,CMLT 20600
TAPS 28401,CMLT 30600
TAPS 28401,ENGL 31100
TAPS 28414,ARTV 24301
TAPS 28414,ARTV 34301
TAPS 28417,GRMN 28914
TAPS 28417,GRMN 38914
TAPS 28417,JWSC 28914
TAPS 28417,MUSI 28914
TAPS 28417,MUSI 38914
TAPS 28417,RLIT 38914
TAPS 28417,RLST 28914
TAPS 28429,ARTV 23833
TAPS 28429,ARTV 33833
TAPS 28429,CRES 23833
TAPS 28429,CRES 38333
TAPS 28429,MUSI 26114
TAPS 28429,MUSI 38214
TAPS 28438,ENGL 24408
TAPS 28438,CMLT 24408
TAPS 28442,FNDL 25202
TAPS 28442,GRMN 28714
TAPS 28443,ARTV 24552
TAPS 28443,ARTV 34552
TAPS 28444,ARTV 10100
TAPS 28445,ARTV 10200
TAPS 28448,ARTV 22200
TAPS 28448,ARTV 32000
TAPS 28452,HUMA 25202
TAPS 28452,HIPS 25203
TAPS 28452,LLSO 27801
TAPS 28452,CMST 25204
TAPS 28454,EALC 19909
TAPS 28472,CLCV 27514
ARTV 10100,TAPS 28444
ARTV 10200,TAPS 28445
ARTV 10300,CMST 10300
ARTV 10300,TAPS 23400
ARTV 21001,ARTV 31001
ARTV 21501,ARTV 31501
ARTV 21700,ARTV 31700
ARTV 21900,ARTV 31900
ARTV 22000,ARTV 32200
ARTV 22002,ARTV 32202
ARTV 22306,ARTV 32306
ARTV 22308,ARTV 32308
ARTV 22500,ARTV 32500
ARTV 22500,CMST 28801
ARTV 22500,CMST 38801
ARTV 22502,ARTV 32502
ARTV 23801,ARTV 33801
ARTV 23801,CMST 28903
ARTV 23804,ARTV 33804
ARTV 23848,ARTV 33848
ARTV 23848,CMST 28005
ARTV 23900,ARTV 33900
ARTV 23904,CMST 23904
ARTV 23904,ARTV 33904
ARTV 23905,CMST 33905
ARTV 23905,ARTV 33905
ARTV 23920,ARTV 33920
ARTV 24000,ARTV 34000
ARTV 24000,CMST 27600
ARTV 24000,CMST 37600
ARTV 24112,ARTV 34112
ARTV 24113,ANTH 25103
ARTV 24113,ANTH 35103
ARTV 24113,ARTV 34113
ARTV 24210,ARTV 34210
ARTV 24301,ARTV 34301
ARTV 24301,TAPS 28414
ARTV 24405,ARTV 34405
ARTV 24406,ARTV 34406
ARTV 24550,ARTV 34550
ARTV 24550,TAPS 27900
ARTV 24553,ARTV 34553
ARTV 25300,CMST 10100
ARTV 25300,ARTH 20000
ARTV 25300,ENGL 10800
ARTV 26000,ARTV 36300
ARTV 26201,ARTH 26201
ARTV 26201,ARTH 36201
ARTV 26201,ARTV 36201
ARTV 26201,CMST 29004
ARTV 26201,CMST 39004
ARTV 26214,ARTV 36214
ARTV 26500,CMST 28500
ARTV 26500,ARTH 28500
ARTV 26500,ARTH 38500
ARTV 26500,ARTV 36500
ARTV 26500,CMLT 22400
ARTV 26500,CMLT 32400
ARTV 26500,CMST 48500
ARTV 26500,ENGL 29300
ARTV 26500,ENGL 48700
ARTV 26500,MAPH 36000
ARTV 26600,CMST 28600
ARTV 26600,ARTH 28600
ARTV 26600,ARTH 38600
ARTV 26600,CMLT 22500
ARTV 26600,CMLT 32500
ARTV 26600,CMST 48600
ARTV 26600,ENGL 29600
ARTV 26600,ENGL 48900
ARTV 26600,MAPH 33700
ARTV 26750,CMST 21801
ARTV 26750,ARTV 36750
ARTV 26750,CMST 31801
ARTV 26750,HMRT 25104
ARTV 26750,HMRT 35104
ARTV 27200,ARTV 37200
