ANTH 20100,A. Kolata
ANTH 20405,M. Fred
ANTH 20535,C. Howe
ANTH 20701,E. Osborn
ANTH 20702,J. Cole
ANTH 21015,D. Boyer
ANTH 21102,R. Tuttle
ANTH 21107,Staff
ANTH 21201,M. Dietler
ANTH 21217,M. Dietler
ANTH 21225,S. Dawdy
ANTH 21230,J. Lucy
ANTH 21251,J. Farquhar
ANTH 21254,S. Dawdy
ANTH 21255,F. Richard
ANTH 21264,J. Kelly
ANTH 21265,M. Dietler
ANTH 21303,M. Lycett
ANTH 21305,J. Fernandez
ANTH 21322,K. Morrison
ANTH 21401,M. Lycett
ANTH 21406,R. Tuttle
ANTH 21420,Staff
ANTH 21610,S. Gal
ANTH 21725,M. Fisch
ANTH 22000,A. Kolata
ANTH 22105,J. Masco
ANTH 22123,J. Masco
ANTH 22125,K. Sunder Rajan
ANTH 22130,M. Fisch
ANTH 22150,M. Fisch
ANTH 22205,S. Palmié
ANTH 22400,J. Masco
ANTH 22530,J. Chu
ANTH 22535,C. Nakassis
ANTH 22606,J. Richland
ANTH 22609,J. Richland
ANTH 22710,J. Kelly
ANTH 22715,J. Kelly
ANTH 22910,W. T. S. Mazzarella
ANTH 23101,"R. Granados-Salinas, R. Gutiérrez"
ANTH 23102,M. Tenorio
ANTH 23103,D. Borges
ANTH 23600,J. Farquhar
ANTH 23620,J. Farquhar
ANTH 23630,J. Chu
ANTH 23715,J. Kelly
ANTH 23805,J. Masco
ANTH 24001,Unknown
ANTH 24002,Unknown
ANTH 24003,Unknown
ANTH 24101,M. Alam
ANTH 24102,D. Chakrabarty
ANTH 24315,E. Raikhel
ANTH 24320,R. Shweder
ANTH 24511,M. Fred
ANTH 24512,M. Fred
ANTH 24705,J. Richland
ANTH 24800,J. Masco
ANTH 25103,"B. Callender, C. Sullivan"
ANTH 25116,L. Jasarevic
ANTH 25117,L. Jasarevic
ANTH 25200,S. Gal
ANTH 25305,J. Farquhar
ANTH 25310,"M. Dietler, W. Green"
ANTH 25325,J. Kelly
ANTH 25401,K. Knorr Cetina
ANTH 25410,J. Farquhar
ANTH 25500,W. Mazzarella
ANTH 25510,"L. Gandhi, W. Mazzarella"
ANTH 25900,K. Morrison
ANTH 25905,K. Arik
ANTH 26020,S. Dawdy
ANTH 26315,Unknown
ANTH 26320,F. Gaitan-Ammann
ANTH 26325,F. Gaitan-Ammann
ANTH 26505,K. Morrison
ANTH 26710,S. Branting
ANTH 26711,S. Branting
ANTH 26715,Unknown
ANTH 26830,F. Richard
ANTH 26900,A. Yao
ANTH 27130,M. Silverstein
ANTH 27135,M. Silverstein
ANTH 27300,M. Silverstein
ANTH 27305,D. Kulick
ANTH 27400,V. Friedman
ANTH 27505,S. Gal
ANTH 27510,S. Gal
ANTH 27605,J. Lucy
ANTH 27700,V. Friedman
ANTH 27705,Salikoko Mufwene
ANTH 28010,R. Martin
ANTH 28100,R. Tuttle
ANTH 28200,M. Lycett and P. Drake
ANTH 28210,"M. Lycett, K. Morrison"
ANTH 28300,R. Tuttle
ANTH 28400,M. C. Lozada
ANTH 28420,A. Yao
ANTH 28510,F. Richard
ANTH 28600,R. Tuttle
ANTH 28702,F. Richard
ANTH 29105,K. Morrison
ANTH 29500,"F. Richard, S. Dawdy"
ANTH 29700,Unknown
ANTH 29900,Unknown
ANTH 29910,Unknown
ARTH 10100,Unknown
ARTH 14107,R. Neer
ARTH 14115,P. Crowley
ARTH 14215,P. Crowley
ARTH 14505,H. Badamo
ARTH 14700,N. Atkinson
ARTH 15600,M. Jackson; T. Zhurauliova
ARTH 16100,Wu Hung
ARTH 16211,C. Fromont
ARTH 16460,M. Sullivan
ARTH 16800,C. Foxwell
ARTH 16809,P. Berlekamp
ARTH 17015,H. Badamo
ARTH 17400,K. Taylor
ARTH 17410,K. Taylor
ARTH 17612,C. Cohen
ARTH 17700,M. Ward
ARTH 17735,M. Sullivan
ARTH 18000,J. Snyder
ARTH 18202,T. Zhurauliova
ARTH 21202,S. Caviglia-Brunel
ARTH 21205,M. Sullivan
ARTH 21415,P. Crowley
ARTH 22550,H. Badamo
ARTH 22808,V. Sancho Lobis
ARTH 23113,V. Salinger
ARTH 23400,P. Berlekamp
ARTH 23603,S. Caviglia-Brunel
ARTH 24812,M. Ward
ARTH 26201,"D. N. Rodowick, V. Burgin"
ARTH 26301,R. Zorach
ARTH 26400,J. Snyder
ARTH 26707,Yanfei. Zhu
ARTH 26803,K. Taylor
ARTH 27215,C. Mehring
ARTH 27304,J. Snyder
ARTH 27808,J. Lopez
ARTH 28204,M. Hunter
ARTH 29600,Unknown
ARTH 29700,Unknown
ARTH 29704,"C. Foxwell, J. Ketelaar"
ARTH 29800,Unknown
ARTH 29900,Unknown
ASTR 18100,R. Kron
ASTR 18200,N. Gnedin
ASTR 18300,D. Harper
ASTR 20000,Unknown
ASTR 21300,L. Grossman 
ASTR 23000,"W. Schweiker, D. York"
ASTR 24100,H.-W. Chen
ASTR 24200,W. Hu
ASTR 28200,D. Harper
ASTR 29700,Unknown
PHSC 11900,"R. Rosner, Autumn; S. Meyer, Winter. L: A. Kravtsov, Autumn; P. Privitera, Winter"
PHSC 12000,"E. Kolb, Winter; S. Dodelson, Spring. L: P. Privitera, Winter; J. Carlstrom, Spring"
PHYS 29100,Unknown
PHYS 29200,Unknown
PHYS 29300,Unknown
BPRO 21500,"R. Schultz, M. Browning."
BPRO 22200,"W. Wimsatt, Staff"
BPRO 22300,Staff
BPRO 22400,"M. Merritt, Staff"
BPRO 22600,"D. Brudney, J. Lantos"
BPRO 22610,"D. Brudney, Staff"
BPRO 22800,"M. Dietler, W. Green"
BPRO 23000,"W. Schweiker, D. York"
BPRO 23400,"L. Mets, Staff"
BPRO 23500,"W. Sterner, Staff"
BPRO 23600,"J. Cacioppo, M. McClintock, L. Waite"
BPRO 23760,"J. Cacioppo, L. Hawkley"
BPRO 23800,"J. Cacioppo, E. Oliver, S. Cacioppo"
BPRO 23900,"W. Wimsatt, S. Mufwene"
BPRO 24000,"H. Nusbaum, B. Keysar, B. Hoeckner, A. Henly"
BPRO 24100,"R. Perlman, Staff"
BPRO 24150,"D. Orlinsky, Staff"
BPRO 24160,"D. Orlinsky, Staff"
BPRO 24200,"M. McClintock, J. Quintans"
BPRO 24300,"M. Rothenberg, Staff"
BPRO 24400,"S. Bartsch, J. Goldstein"
BPRO 24500,"S. Mufwene, W. Wimsatt"
BPRO 24600,"S. Bartch, Staff"
BPRO 24700,"M. Rothenberg, Staff"
BPRO 24800,"J. Malamy, Staff"
BPRO 24900,"H. Pollack, J. Schneider"
BPRO 25000,"J. Ketelaar, Staff"
BPRO 25100,"R. Richards, Staff"
BPRO 25200,Staff
BPRO 25300,"L. Berlant, R. Zorach"
BPRO 26050,Staff
BPRO 26101,"D. Orlinsky, Staff"
BPRO 26400,"W. J. T. Mitchell, J. Hoffman"
BPRO 26500,"J. Stockholder, S. Reddy"
BPRO 26600,"Y. Tsivian, Staff"
BPRO 26700,"M. Lowrie, R. Morrissey"
BPRO 27000,"P. La Riviere, Staff"
BPRO 27600,"P. Friedrich, Staff"
BPRO 28000,"M. Browning, Staff"
BPRO 28100,"M. Browning, Staff"
BPRO 28500,"L. Berlant, Staff"
BPRO 28600,"E. Lyon, H. Saussy"
BPRO 29000,"S. Berry, G. Tolley"
BPRO 29100,"J. Shapiro, M. Long"
BIOS 10130,Unknown
BIOS 10450,R. Zaragoza
BIOS 10451,R. Zaragoza
BIOS 10500,M. Osadjan
BIOS 10501,P. Strieleman
BIOS 10602,"D. Kondrashov, E. Kovar"
BIOS 10603,E. Haddadian
BIOS 11119,M. Osadjan
BIOS 11125,"A. Turkewitz, M. Nobrega"
BIOS 11128,T. Christianson
BIOS 11129,S. Crosson
BIOS 11140,N. Bhasin
BIOS 12107,M. Musch
BIOS 12114,P. Strieleman
BIOS 12115,"M. Gupta, K. Birukov"
BIOS 12116,M. McNulty
BIOS 12117,N. Shubin
BIOS 12118,K. Knutson
BIOS 13107,T. Price
BIOS 13111,E. Larsen
BIOS 13112,E. Larsen
BIOS 13115,"P. Sierwald, R. Bieler"
BIOS 13123,D. Jablonski
BIOS 13125,S. Pruett-Jones
BIOS 13126,E. Larsen
BIOS 13128,A. Hunter
BIOS 13131,A. Hunter
BIOS 13140,E. Larsen
BIOS 14112,M. McNulty
BIOS 14114,R. Zaragoza
BIOS 15106,S. Boyle-Vavra
BIOS 15115,M. Villereal
BIOS 15119,B. Fineschi
BIOS 20150,"M. Hale, M. McNulty, C. Andrews, Staff"
BIOS 20151,D. Kondrashov
BIOS 20152,D. Kondrashov
BIOS 20170,"L. Mets, C. Andrews, R. Zaragoza, E. Kovar"
BIOS 20171,"T. Christianson, C. Schonbaum, R. Zaragoza, C. Andrews"
BIOS 20172,E. Haddadian
BIOS 20173,"C. Andrews, E. Kovar"
BIOS 20175,P. Strieleman
BIOS 20186,"Variant A: G. Lamppa, A. Imamoto, T Christianson. Variant B: L. Mets, B. Glick, C. Schonbaum."
BIOS 20187,"Variant A: Staff, T. Christianson. Winter. Variant B: Staff, C. Schonbaum, E. Kovar. Winter. L.."
BIOS 20188,"D. McGehee, D. Hanck, M. Osadjan, C. Andrews"
BIOS 20189,"R. Ho, S. Horne-Badovinac, C. Schonbaum, E. Kovar"
BIOS 20190,"A. Imamoto, W. Du"
BIOS 20191,M. Osadjan
BIOS 20196,"C. Pfister, E. Larsen"
BIOS 20197,"S. Allesina, M. Kronforst, C. Andrews"
BIOS 20198,"M. LaBarbera, C. Andrews"
BIOS 20234,"M. Glotzer, A. Ruthenburg, N. Bhasin. L."
BIOS 20235,"I. Rebay, R. Hudson, N. Bhasin. L."
BIOS 20236,"E. Munro, M. Rust, E. Kovar."
BIOS 20242,"M. Feder, E. Kovar. "
BIOS 20200,"M. Makinen, P. Strieleman, L. "
BIOS 21206,A. Di Rienzo
BIOS 21207,G. Lamppa
BIOS 21208,"U. Storb, J. Staley"
BIOS 21216,Unknown
BIOS 21229,J. Shapiro
BIOS 21236,"D. Bishop, J. Malamy, E. Ferguson, A. Palmer"
BIOS 21237,"E. Ferguson, R. Fehon"
BIOS 21249,J. Shapiro
BIOS 21306,C.-I. Wu
BIOS 21317,"P. Rice, R. Keenan"
BIOS 21328,T. Sosnick
BIOS 21338,"K. Goss, K. Matlin, P. Bouyer"
BIOS 21346,"R. Jones, Y. Zhao"
BIOS 21349,W-J. Tang
BIOS 21356,"V. Prince, C. Ragsdale."
BIOS 21357,"J. Collier, M. Mrksich, M. Gardel, K. Matlin"
BIOS 21358,B. Roux
BIOS 21407,R. Josephs
BIOS 21409,"D. Kovar, M. Gupta"
BIOS 21410,"J. Moran, J. Reinitz"
BIOS 21415,"A. Imamoto, X. Wu"
BIOS 21416,"E. Ferguson, V. Prince, J. Cunningham, J. De Jong, X. Wu"
BIOS 21417,"B. Aprison, Staff."
BIOS 22226,J. Marks
BIOS 22233,M. Westneat. L.
BIOS 22236,R. Martin
BIOS 22242,M. LaBarbera. L.
BIOS 22243,M. LaBarbera. L.
BIOS 22244,M. LaBarbera. L.
BIOS 22247,"D. Hanck, P Singleton"
BIOS 22249,Y-Y He
BIOS 22250,M. Coates
BIOS 22260,P. Sereno. L.
BIOS 22306,U. Schmidt-Ott
BIOS 23100,P. Sereno. L.
BIOS 23232,E. Larsen
BIOS 23233,E. Larsen
BIOS 23247,M. C. Lozada
BIOS 23248,D. Maestripieri
BIOS 23249,"S. Pruett-Jones (even years), J. Mateo (odd years)"
BIOS 23252,S. Pruett-Jones
BIOS 23253,R. Tuttle
BIOS 23254,E. Larsen
BIOS 23258,M. Kreitman L.
BIOS 23261,M. Webster
BIOS 23262,"Z. Luo, K. Angielczyk"
BIOS 23266,C. Andrews
BIOS 23281,I. Ruvinsky
BIOS 23286,R. Hudson
BIOS 23289,T. Wootton
BIOS 23299,J. Greenberg
BIOS 23404,"C. Moreau, R. Ree. "
BIOS 23406,"B. Patterson (odd years, lab). L., Heaney (even years, discussion)"
BIOS 23409,G. Dwyer
BIOS 23410,T. Lumbsch
BIOS 23411,S. Cobey
BIOS 24203,"X. Zhuang, M. Sherman, E. Grove"
BIOS 24204,"P. Lloyd, A. Fox. "
BIOS 24205,"M. Hale, D. Freedman"
BIOS 24206,J. MacLean
BIOS 24208,L. Osborne.
BIOS 24209,E. Schwartz
BIOS 24217,J. Moss
BIOS 24218,S. Sisodia
BIOS 24231,S. Bensmaia
BIOS 24232,N. Hatsopoulos
BIOS 24239,P. Lloyd
BIOS 24246,"C. Gomez, Staff"
BIOS 24247,"C. Gomez, Staff"
BIOS 24408,W. van Drongelen     
BIOS 25108,"M. Rosner, W. Du"
BIOS 25109,"G. Greene, D. Vander Griend"
BIOS 25126,"G. Langan, M. Niekrasz"
BIOS 25129,S. Dulawa
BIOS 25206,D. Missiakas
BIOS 25216,H. Shuman
BIOS 25226,"M. Brady, R. Cohen"
BIOS 25227,"M. Brady, R. Cohen"
BIOS 25228,"Y. C. Li, M. Musch"
BIOS 25256,A. Bendelac
BIOS 25258,B. Jabri
BIOS 25260,A. Chervonsky
BIOS 25266,E. Adams
BIOS 25287,"T. Golovkina, B. Roizman"
BIOS 25308,K. MacLeod
BIOS 25309,C. Rinker-Schaeffer
BIOS 25310,"M. E. Dolan, R. S. Huang     "
BIOS 25320,J. Chen
BIOS 25407,A. Chong
BIOS 25419,"M. David, J. Schneider"
BIOS 26120,E. Haddadian
BIOS 26210,D. Kondrashov
BIOS 26211,D. Kondrashov
BIOS 27700,"E. Schwartz, A. Hammond"
BIOS 28407,Y. Gilad
BIOS 02280,"M. Dietler, W. Green"
BIOS 02490,"H. Pollack, J. Schneider"
BIOS 29100,R. Mcleod
BIOS 29270,K. Matlin
BIOS 29279,C. S. Olopade
BIOS 29280,K. Keenan
BIOS 29286,"W. Wimsatt, S. Mufwene"
BIOS 29294,"J. Schneider, C. S. Olopade"
BIOS 29300,L. Kay
BIOS 29313,"D. Brudney, Staff"
BIOS 29317,L. Kurina
BIOS 29318,B. Lahey
BIOS 29319,"J. A. Shapiro, M. Long"
BIOS 29321,S. Meredith
BIOS 29323,"E. Lyon, H. Saussy"
BIOS 29324,"J. Cacioppo, L. Hawkley"
BIOS 29326,"S. Armato, P. La Riviere, C. Pelizzari"
BIOS 00199,L. Mets
BIOS 00206,Unknown
BIOS 00289,"S. Kron, Staff"
BIOS 00290,"S. Kron, Staff"
BIOS 00291,"S. Kron, Staff"
BIOS 00292,"S. Kron, Staff"
BIOS 00295,"Honors Faculty, Staff"
BIOS 00296,S. Kron
BIOS 00299,L. Mets
CHEM 00111,B. Ratliff
CHEM 00112,B. Ratliff
CHEM 00113,B. Ratliff
CHEM 00220,B. Ratliff
CHEM 00221,B. Ratliff
CHEM 00222,B. Ratliff
CHEM 10100,Staff. L: M. Zhao.
CHEM 10200,Staff. L: M. Zhao.
CHEM 11300,"J. Piccirilli, Y. Weizmann. L: M. Zhao"
CHEM 11100,"K.Y.C. Lee, D. Mazziotti. L: M. Zhao"
CHEM 11200,"A. Dinner, G. Engel. L: M. Zhao."
CHEM 11300,"J. Piccirilli, Y. Weizmann. L: M. Zhao"
CHEM 12100,L. Butler. L: M. Zhao
CHEM 12200,N. Scherer.  L: M. Zhao
CHEM 12300,G. Voth. L: M. Zhao
CHEM 20100,G. Hillhouse
CHEM 20200,R. Jordan
CHEM 22000,J. Yin. L: V. Keller
CHEM 22100,J. Yin.  L: V. Keller
CHEM 22200,J. Lewis. L: V. Keller
CHEM 22700,M. Hopkins
CHEM 23000,L. Yu. L: V. Keller
CHEM 23100,S. Kozmin. L: V. Keller
CHEM 23200,L. Yu.  L: V. Keller
CHEM 23300,Y. Weizmann
CHEM 26100,P. Guyot-Sionnest
CHEM 26200,K. Y. C. Lee
CHEM 26300,L. Butler
CHEM 26700,N. Scherer
CHEM 26800,A. Dinner
CHEM 29600,G. Hillhouse
CHEM 29900,Unknown
CHEM 30100,W. Lin
CHEM 30200,W. Lin
CHEM 30400,J. Lewis
CHEM 30500,B. Tian
CHEM 30600,D. Talapin
CHEM 30900,C. He
CHEM 31100,Unknown
CHEM 32100,L. Yu
CHEM 32200,S. Kozmin
CHEM 32300,V. Rawal
CHEM 32400,Unknown
CHEM 32500,Unknown
CHEM 32900,Unknown
CHEM 33000,Unknown
CHEM 33100,Unknown
CHEM 33200,B. Dickinson
CHEM 33300,R. Moellering
CHEM 33400,Unknown
CHEM 36100,L. Butler
CHEM 36200,G. Voth
CHEM 36300,S. Vaikuntanathan
CHEM 36400,D. Mazziotti
CHEM 36500,S. Sibener
CHEM 36800,K. Freed
CHEM 36900,Unknown
CHEM 37100,Unknown
CHEM 37200,Unknown
CHEM 38700,Unknown
CHEM 51100,Unknown
ANTH 21201,M. Dietler
ARTH 17400,K. Taylor
ARTV 23930,J. Hoffman
BPRO 21500,"R. Schultz, M. Browning."
CMST 21801,J. Hoffman
ECON 26600,"G. Tolley, K. Ierulli"
ECON 28100,A. Sanderson
ENGL 22800,J. Knight
ENGL 25952,A. Brown
ENGL 25953,P. Jagoda
ENST 27300,R. Keller
GEOG 23500,M. Conzen
GEOG 26100,M. Conzen
HIST 27705,A. Green
HIST 29613,K. Conzen
PBPL 25405,C. Broughton
PBPL 28501,C. Harris
SOSC 25501,Unknown
SOSC 25502,Unknown
SOSC 25503,Unknown
SOCI 20142,A. Abbott
SOCI 20215,K. Cagney
TAPS 24500,H. Coleman
CMST 10100,"Y. Tsivian, Staff"
CMST 10300,Unknown
CMST 14503,D. Bluher
CMST 21020,J. Stewart
CMST 21801,J. Hoffman
CMST 21810,T. Gunning
CMST 23202,R. West
CMST 23404,J. Wild
CMST 23904,J. Hoffman
CMST 23905,J. Hoffman
CMST 23930,J. Hoffman
CMST 23931,J. Hoffman
CMST 24106,R. Majumdar
CMST 24204,L. Kruger
CMST 24400,Kinga Kosmala
CMST 24612,X. Dong
CMST 24620,H. Park
CMST 24914,R. Davis
CMST 25204,M. Browning
CMST 25215,T. Abramov
CMST 25521,Malynne Sternstein
CMST 26302,X. Dong
CMST 26404,H. Frank
CMST 26610,Y. Tsivian
CMST 26810,D. Bluher
CMST 27210,D. Bluher
CMST 27220,D.N. Rodowick
CMST 27230,D.N. Rodowick
CMST 27600,"S. Huffman, L. Letinsky"
CMST 27810,D. Morgan
CMST 28005,K. Pandian
CMST 28100,Unknown
CMST 28500,T. Gunning
CMST 28600,T. Gunning
CMST 28801,J. Salavon
CMST 28903,S. Wolniak
CMST 29004,"D. N. Rodowick, V. Burgin"
CMST 29700,Unknown
CMST 29800,J. Wild
CMST 29900,Unknown
CRES 24001,Unknown
CRES 24002,Unknown
CRES 24003,Unknown
EALC 10800,"K. Pomeranz, Autumn; Staff, Summer"
EALC 10900,"J. Ketelaar, Winter; Staff, Summer"
EALC 11000,K-H. Choi
EALC 15400,M. Bradley
GNSE 15002,Staff
GNSE 15003,Staff
HIPS 17300,R. Richards
HIPS 17400,A. Johns
HIPS 17402,"M. Rossi, A. Winter"
HIPS 17501,A. Winter
HIPS 17502,J. Evans
HIPS 17503,A. Winter
HIST 10101,E. Osborn
HIST 10102,J. Cole
HIST 13001,"C. Fasolt, J. Lyon, J. Padgett, N. Ristuccia, Staff"
HIST 13002,"J. Boyer, J. Craig, J. Goldstein, J. Lyon, N. Ristuccia, Staff"
HIST 13003,N. Ristuccia
HIST 13100,"K. Weintraub, Autumn; J. Boyer, Summer"
HIST 13200,"K. Weintraub, Winter, Summer"
HIST 13300,"K. Weintraub, Spring; Staff, Summer"
HIST 13500,"E. Cook, Staff"
HIST 13600,"J. Dailey, Staff"
HIST 13700,"M. Briones, J. Sparrow, Staff"
HIST 13900,E. Gilburd
HIST 14000,E. Gilburd
HIST 16700,"J. Hall, Staff"
HIST 16800,"C. Hawkins, Staff"
HIST 16900,W. Kaegi
JWSC 20001,R. Greenberg
JWSC 20002,S. Hammerschlag
JWSC 20003,O. Bashkin
JWSC 20004,S. Chavel
JWSC 20005,D. Schloen
JWSC 20006,N. Rokem
LACS 16100,"R. Granados-Salinas, R. Gutiérrez"
LACS 16200,M. Tenorio
LACS 16300,D. Borges
MUSI 12100,A. Robertson
MUSI 12200,Unknown
NEHC 20001,Unknown
NEHC 20002,"Johnson, Ritner, Muhs"
NEHC 20003,P. Goedegebuure
NEHC 20004,C. Woods
NEHC 20005,H. Haroutunian
NEHC 20006,B. Muhs
NEHC 30004,C. Woods
NEHC 20011,H. Haroutunian
NEHC 20012,H. Karateke
NEHC 20013,N. Moeller
NEHC 30011,H. Haroutunian
NEHC 20416,Unknown
NEHC 20417,Unknown
NEHC 20418,Unknown
NEHC 20501,C. Fleischer
NEHC 20502,J. Woods
NEHC 20503,A. Shissler
NEHC 30501,C. Fleischer
NEHC 20601,T. Qutbuddin
NEHC 20602,F. Lewis
NEHC 20603,O. Bashkin
NEHC 30601,T. Qutbuddin
NEHC 30602,F. Lewis
NEHC 30603,O. Bashkin
SALC 20100,M. Alam
SALC 20200,D. Chakrabarty
CLCV 14113,P. Crowley 
CLCV 20200,W. Kaegi
CLCV 20700,"J. Hall, Staff"
CLCV 20800,"C. Hawkins, Staff"
CLCV 20900,W. Kaegi
CLCV 21200,D. Bevington
CLCV 21415,P. Crowley
CLCV 21700,J. Hall
CLCV 21807,R. Neer
CLCV 21812,R. Neer
CLCV 22114,D. Wray
CLCV 22314,D. Durdin
CLCV 22514,L. Gardnier
CLCV 22700,A. Callard
CLCV 23514,M. Lowrie
CLCV 23915,J. Vandiver
CLCV 24113,P. Crowley 
CLCV 24115,P. Crowley
CLCV 24215,P. Crowley
CLCV 24306,W. Kaegi
CLCV 24307,W. Kaegi
CLCV 24506,C. Hawkins
CLCV 24508,C. Hawkins
CLCV 24914,C. Faraone
CLCV 25510,W. Olmsted
CLCV 25700,H. Haroutunian
CLCV 25800,H. Karateke
CLCV 25900,N. Moeller
CLCV 26514,S. Torallas Tovar
CLCV 26914,S. Torallas Tovar
CLCV 27514,A. Akavia
CLCV 27714,H. Dik
CLCV 28300,B. VanWassenhove
CLCV 29113,Staff
CLCV 29700,Unknown
CLCV 29800,Unknown
GREK 10100,Staff.
GREK 10200,Unknown
GREK 10300,Unknown
GREK 11100,H. Dik
GREK 11200,H. Dik
GREK 11300,Unknown
GREK 20100,C. Faraone
GREK 20200,H. Dik
GREK 20300,S. Nooter
GREK 21100,Unknown
GREK 21200,Unknown
GREK 21300,Unknown
GREK 21700,Unknown
GREK 21800,Unknown
GREK 21900,Unknown
GREK 22314,Unknown
GREK 22400,Sarah Nooter
GREK 22500,David Martinez
GREK 26100,D. Martinez
GREK 27100,D. Martinez
GREK 29700,Unknown
LATN 10100,E. Asmis
LATN 10200,M. Allen
LATN 10300,Unknown
LATN 11100,M. Allen
LATN 11200,P. White
LATN 11300,Unknown
LATN 20100,Unknown
LATN 20200,M. Payne
LATN 20300,M. Lowrie
LATN 21100,Unknown
LATN 21200,Unknown
LATN 21300,Unknown
LATN 21700,Unknown
LATN 21800,Unknown
LATN 21900,Unknown
LATN 22100,E. Asmis
LATN 22200,S. Bartsch-Zimmer
LATN 22300,P. White
LATN 22400,Unknown
LATN 25000,P. White
LATN 26513,C. Ando
LATN 28614,M. Nussbaum
LATN 29700,Unknown
CHDV 20000,Staff
CHDV 20100,Staff
CHDV 20101,G. Hong
CHDV 20129,R. Taub
CHDV 20150,Salikoko Mufwene
CHDV 20206,D. Kulick
CHDV 20207,M. Spencer
CHDV 20209,M. Spencer
CHDV 20304,M. Keels
CHDV 20305,M. Keels
CHDV 20400,J. Lucy
CHDV 20405,D. Kulick
CHDV 21000,R. Shweder
CHDV 21401,J. Cole
CHDV 21500,J. Mateo
CHDV 21800,D. Maestripieri
CHDV 21901,J. Lucy
CHDV 22212,"J. Cole, R. Majumdar"
CHDV 23204,E. Raikhel
CHDV 23249,"S. Pruett-Jones (even years), J. Mateo (odd years)"
CHDV 23301,E. Raikhel
CHDV 23620,J. Farquhar
CHDV 23900,S. Goldin-Meadow
CHDV 24402,S. Van Deusen Phillips
CHDV 25116,L. Jasarevic
CHDV 25120,A. Kalil
CHDV 25900,A. Woodward
CHDV 26000,W. Goldstein
CHDV 26226,D. Dugas
CHDV 26227,R. Nicholson
CHDV 26228,C. Nutter
CHDV 26232,T. Mandalaywala
CHDV 26233,C. El Ouardani
CHDV 26235,S. Van Deusen Phillips
CHDV 26303,S. Van Deusen Phillips
CHDV 26310,D. Kulick
CHDV 27317,L. Shapiro
CHDV 27700,D. Orlinsky
CHDV 27821,S. Stoelinga
CHDV 27901,John Lucy
CHDV 27902,J. Lucy
CHDV 27903,J. Lucy
CHDV 27950,D. Maestripieri
CHDV 29301,E. Fein
CHDV 29700,Unknown
CHDV 29800,Unknown
CHDV 29900,Unknown
CMLT 20500,D. Bevington
CMLT 20600,D. Bevington
CMLT 21101,Unknown
CMLT 21202,Unknown
CMLT 22301,W. Nickell
CMLT 22400,T. Gunning
CMLT 22500,T. Gunning
CMLT 23201,A. Ilieva
CMLT 23401,A. Ilieva
CMLT 23702,Unknown
CMLT 23901,A. Ilieva
CMLT 24220,F. de Armas and T. Pavel
CMLT 24250,Daniel Smyth
CMLT 24270,V. Joshua Adams
CMLT 24408,L. Kruger
CMLT 25001,A. Davidson
CMLT 25009,A. Mangalagiri
CMLT 25010,C. Patel
CMLT 25011,B. Berry
CMLT 25102,Unknown
CMLT 26014,B. Loschenkohl
CMLT 26400,A. Maggi
CMLT 26600,Unknown
CMLT 26610,T. Pavel
CMLT 26700,A. Maggi
CMLT 26701,A. Maggi
CMLT 27014,P. Iovene
CMLT 27114,David Wellbery
CMLT 27402,Unknown
CMLT 27701,A. Ilieva
CMLT 28610,F. Klinger
CMLT 28900,"E. Lyon, H. Saussy"
CMLT 29700,Unknown
CMLT 29801,Unknown
CRES 20005,E. Osborn
CRES 20206,R. Jean-Baptiste
CRES 20701,E. Osborn
CRES 20702,J. Cole
CRES 22205,S. Palmié
CRES 24201,Unknown
CRES 25701,W. Kaegi
CRES 20104,F. Stuart
CRES 21201,M. Dietler
CRES 21806,Traci Parker
CRES 21808,Toussaint Losier
CRES 22150,C. Cohen
CRES 24601,D. Hopkins
CRES 25102,T. Paschel
CRES 25405,C. Broughton
CRES 27301,A. Green
CRES 27403,T. Holt
CRES 27705,A. Green
CRES 10800,"K. Pomeranz, Autumn; Staff, Summer"
CRES 10900,"J. Ketelaar, Winter; Staff, Summer"
CRES 11000,K-H. Choi
CRES 14400,S. Burns
CRES 17602,M. Briones
CRES 21264,J. Kelly
CRES 24255,J. Eyferth
CRES 24706,S. Burns
CRES 27900,B. Cumings
CRES 16101,"R. Granados-Salinas, R. Gutiérrez"
CRES 16102,M. Tenorio
CRES 16103,D. Borges
CRES 20400,J. Lucy
CRES 21903,A. Lugo-Ortiz
CRES 22401,R. Coronado
CRES 24901,C. Broughton
CRES 25102,T. Paschel
CRES 27101,A. Melo
CRES 28000,R. Gutiérrez
CRES 29000,D. Borges
CRES 31900,A. Lugo-Ortiz
CRES 36500,E. Kouri & M. Tenorio
CRES 31800,Unknown
CRES 34501,M. Fred
CRES 34502,M. Fred
CRES 10200,M. King
CRES 20001,R. Greenberg
CRES 20002,S. Hammerschlag
CRES 20104,F. Stuart
CRES 20140,O. McRoberts
CRES 20173,M. Small
CRES 20207,M. Spencer
CRES 21807,Liping Wang
CRES 21903,A. Lugo-Ortiz
CRES 22205,S. Palmié
CRES 23410,K. Warren
CRES 23833,"C. Sullivan, S. Griffin, G. Lewis"
CRES 24001,Unknown
CRES 24002,Unknown
CRES 24003,Unknown
CRES 24913,R. Elgendy
CRES 26201,C. Cohen
CRES 26801,W. Carter
CRES 27317,L. Shapiro
CRES 27400,T. Holt
CRES 27600,Unknown
CRES 27605,A. Stanley
CRES 28703,M. Briones
CRES 28807,T. Parker
CRES 29302,M. Geyer and J. Sparrow
CRES 29626,R. Jean-Baptiste
CRES 29800,Staff
CRES 29900,Unknown
CRES 30173,M. Small
CRES 37400,T. Holt
CRES 40110,M. Spencer
BIOS 24231,S. Bensmaia
BIOS 24232,N. Hatsopoulos
BIOS 24246,"C. Gomez, Staff"
BIOS 24408,W. van Drongelen     
BIOS 26210,D. Kondrashov
BIOS 26211,D. Kondrashov
CMSC 10100,W. Sterner
CMSC 10200,S. Salveter
CMSC 10500,S. Salveter
CMSC 10600,Unknown
CMSC 11000,W. Sterner
CMSC 11100,Unknown
CMSC 11710,J. Simon
CMSC 12100,A. Rogers
CMSC 12200,A. Rogers
CMSC 12300,Unknown
CMSC 15100,"J. Reppy (Autumn), A. Shaw (Autumn)"
CMSC 15200,A. Shaw (Winter)
CMSC 15400,Unknown
CMSC 16100,S. Kurtz
CMSC 16200,S. Kurtz
CMSC 22001,S. Lu
CMSC 22010,R. Stevens
CMSC 22100,Unknown
CMSC 22200,A. Chien
CMSC 22300,Unknown
CMSC 22311,S. Kurtz
CMSC 22610,J. Reppy
CMSC 22620,J. Reppy
CMSC 22630,J. Reppy
CMSC 23000,H. Gunawi
CMSC 23010,H. Hoffmann
CMSC 23200,A. Feldman
CMSC 23300,B. Sotomayor
CMSC 23310,B. Sotomayor
CMSC 23340,I. Foster
CMSC 23400,A. Chien
CMSC 23500,A. Shaw
CMSC 23700,J. Reppy
CMSC 23710,G. Kindlmann
CMSC 23800,J. Reppy
CMSC 25020,J. Goldsmith
CMSC 25025,J. Lafferty
CMSC 25050,Y. Amit
CMSC 25400,R. Kondor
CMSC 27100,J. Simon
CMSC 27200,J. Simon
CMSC 27410,L. Babai
CMSC 27500,S. Kurtz
CMSC 27610,L. R. Scott
CMSC 27700,Unknown
CMSC 27800,Unknown
CMSC 28000,K. Mulmuley
CMSC 28100,K. Mulmuley
CMSC 28501,Unknown
CMSC 28510,T. Dupont
CMSC 29700,Unknown
CMSC 29900,Unknown
CRWR 10200,Unknown
CRWR 10300,Unknown
CRWR 10400,Unknown
CRWR 12000,Unknown
CRWR 12101,Unknown
CRWR 12104,Unknown
CRWR 13000,Unknown
CRWR 13006,Unknown
CRWR 14000,Unknown
CRWR 22100,Unknown
CRWR 23100,Unknown
CRWR 24100,Unknown
CRWR 28200,Unknown
CRWR 29200,Unknown
CRWR 29300,Unknown
CRWR 29400,Unknown
CHIN 10100,Unknown
CHIN 10200,Unknown
CHIN 10300,Unknown
CHIN 11100,Unknown
CHIN 11200,Unknown
CHIN 11300,Unknown
CHIN 20100,Unknown
CHIN 20200,Unknown
CHIN 20300,Unknown
CHIN 20401,Unknown
CHIN 20402,Unknown
CHIN 20403,Unknown
CHIN 20501,Unknown
CHIN 20502,Unknown
CHIN 20503,Unknown
CHIN 20508,D. Harper
CHIN 20509,Unknown
CHIN 20510,Unknown
CHIN 20601,Unknown
CHIN 20602,Unknown
CHIN 20603,Unknown
CHIN 20701,Unknown
CHIN 20702,Unknown
CHIN 20703,Unknown
CHIN 20800,Unknown
CHIN 20900,Unknown
CHIN 21000,D. Harper
CHIN 21100,Unknown
CHIN 21200,Unknown
CHIN 21300,Unknown
JAPN 10100,Unknown
JAPN 10200,Unknown
JAPN 10300,Unknown
JAPN 19000,R. Jackson
JAPN 20100,Unknown
JAPN 20200,Unknown
JAPN 20300,Unknown
JAPN 20401,Unknown
JAPN 20402,Unknown
JAPN 20403,Unknown
JAPN 20500,Unknown
JAPN 20600,Unknown
JAPN 20700,Unknown
JAPN 21200,Unknown
JAPN 21300,Unknown
KORE 10100,Unknown
KORE 10200,Unknown
KORE 10300,Unknown
KORE 20100,Unknown
KORE 20200,Unknown
KORE 20300,Unknown
KORE 20401,Unknown
KORE 20402,Unknown
KORE 20403,Unknown
KORE 22100,Unknown
KORE 22200,Unknown
KORE 22300,Unknown
EALC 10800,"K. Pomeranz, Autumn; Staff, Summer"
EALC 10900,"J. Ketelaar, Winter; Staff, Summer"
EALC 11000,K-H. Choi
EALC 15400,M. Bradley
EALC 16100,Wu Hung
EALC 16600,H. Park
EALC 16806,C. Foxwell
EALC 19000,N. Toyosawa
EALC 19001,R. Jackson
EALC 19025,D. Licandro
EALC 19800,E. Shaughnessy
EALC 19909,J. Zeitlin
EALC 22031,N. Toyosawa
EALC 22322,Ishikawa
EALC 22500,E. Shaughnessy
EALC 24312,K. Choi
EALC 24500,G. Alitto
EALC 24608,K. Pomeranz
EALC 24803,J. Ketelaar
EALC 24808,J. Ransmeier
EALC 24930,R. Davis
EALC 24950,M. Bourdaghs
EALC 25009,A. Mangalagiri
EALC 25600,K. Choi
EALC 26001,Li
EALC 26300,D. Harper
EALC 26601,H. Kim
EALC 26613,J. Kim
EALC 26707,Yanfei. Zhu
EALC 27014,P. Iovene
EALC 27105,H. Long
EALC 27420,K. Alexander
EALC 29500,Unknown
EALC 29600,Unknown
EALC 29704,"C. Foxwell, J. Ketelaar"
ECON 17800,J. Leitzel
ECON 19800,"A. Sanderson, J. List"
ECON 19900,A. Sanderson
ECON 20000,Unknown
ECON 20100,Unknown
ECON 20200,Unknown
ECON 20300,Unknown
ECON 20010,Unknown
ECON 20110,Unknown
ECON 20210,Unknown
ECON 20310,Unknown
ECON 20700,R. Myerson
ECON 20710,H. Sonnenschein
ECON 20740,R. Van Weelden
ECON 20800,P. Reny
ECON 20900,Unknown
ECON 21000,Unknown
ECON 21100,A. Hortacsu and D. Neal
ECON 21200,Staff
ECON 21350,G. Aryal
ECON 21400,V. Lima
ECON 21410,Staff
ECON 21800,J. List
ECON 22200,David W. Galenson
ECON 22600,D. Galenson
ECON 22650,D. Galenson
ECON 23000,K. Yoshida
ECON 23200,N. Stokey
ECON 23210,R. Shimer.
ECON 24000,M. Tartari
ECON 24400,K. Ierulli
ECON 24500,"Tsiang, G."
ECON 25000,P. Braun
ECON 25100,F. Alvarez
ECON 25620,A. Menendez
ECON 26010,Unknown
ECON 26530,S. Shaikh
ECON 26540,S. Shaikh
ECON 26600,"G. Tolley, K. Ierulli"
ECON 26700,D. Neal
ECON 26800,"S. Berry, G. Tolley"
ECON 27300,J. Leitzel
ECON 28000,S. Gay
ECON 28020,S. Gay
ECON 28100,A. Sanderson
ECON 28600,J. Leitzel
ECON 28700,S. Levitt
ECON 29700,R. Herbst
ECON 29800,"G. Tsiang, V. Lima"
SOSC 25501,Unknown
SOSC 25502,Unknown
SOSC 25503,Unknown
CHDV 20209,M. Spencer
ECON 26700,D. Neal
PSYC 20500,A. Woodward
PSYC 23200,S. Goldin-Meadow
PBPL 25405,C. Broughton
SOCI 20004,Staff
SOCI 20192,R. Stolzenberg
ENGL 10200,"N. Atkinson, Autumn; J. Cole, Spring"
ENGL 10300,Kristen Schilt
ENGL 10400,L. Ruddick
ENGL 10600,J. Muse
ENGL 10706,K. Warren; R. So
ENGL 10800,"Y. Tsivian, Staff"
ENGL 11004,M. Ellmann
ENGL 11501,J. Orlemanski
ENGL 11904,M. Ellmann
ENGL 13000,"L. McEnerney, K. Cochran, T. Weiner"
ENGL 13800,D. Bevington
ENGL 13900,D. Bevington
ENGL 14801,Unknown
ENGL 15600,M. Miller
ENGL 16500,Unknown
ENGL 16600,Unknown
ENGL 17512,J. Wilkinson
ENGL 17514,D. Simon
ENGL 20132,C. Taylor
ENGL 20133,B. Brown
ENGL 20134,J. Scodel
ENGL 20212,T. Campbell
ENGL 20213,C. Picken
ENGL 20221,A. Marcus
ENGL 20405,E. Nerstad
ENGL 20602,H. Keenleyside
ENGL 21202,"Strang, Hilary"
ENGL 22209,Daniel Smyth
ENGL 22210,M. Miller
ENGL 22403,J. Moctezuma
ENGL 23400,L. Ruddick
ENGL 23408,E. Slauter
ENGL 23415,L. Rothfield
ENGL 24314,H. Bakara
ENGL 24402,L. Kruger
ENGL 24408,L. Kruger
ENGL 24409,B. Berry
ENGL 24807,L. Kruger
ENGL 25010,C. Patel
ENGL 25108,J. Knight
ENGL 25202,J. Knight
ENGL 25215,T. Abramov
ENGL 25405,E. Slauter
ENGL 25419,K. Kimura
ENGL 25420,A. Yale
ENGL 25421,A. Inchiosa
ENGL 25955,O. Chavez
ENGL 25957,H. Chute
ENGL 25958,M. Tusler
ENGL 26000,W. Veeder
ENGL 26208,K. Krywokulski
ENGL 26403,B. Morgan
ENGL 27312,P. Lido
ENGL 27807,V. Joshua Adams
ENGL 27808,A. Peart
ENGL 28604,R. Kyne
ENGL 28811,Kerri Hunt
ENGL 28813,Unknown
ENGL 28912,W. Nickell
ENGL 32302,W. Nickell
ENGL 29300,T. Gunning
ENGL 29600,T. Gunning
ENGL 29700,Unknown
ENGL 29900,Unknown
GEOS 13100,A. Campbell
GEOS 13200,M. Foote
GEOS 13300,D. Abbot
GEOS 13400,"D. Archer, D. MacAyeal"
GEOS 21000,L. Grossman 
GEOS 21005,A. Campbell
GEOS 21100,N. Dauphas 
GEOS 21200,"A. Campbell, F. Richter"
GEOS 21205,D. MacAyeal
GEOS 21400,A. Campbell
GEOS 22000,L. Grossman 
GEOS 22040,F. Ciesla
GEOS 22050,F. Ciesla
GEOS 22060,"D. Abbot, F. Ciesla"
GEOS 22200,N. Dauphas
GEOS 23200,E. Moyer
GEOS 23205,D. MacAyeal
GEOS 23400,D. Archer
GEOS 23800,"D. Archer, J. Waldbauer"
GEOS 23805,A. Colman
GEOS 23900,"A. Colman, D. Archer"
GEOS 24200,D. Abbot
GEOS 24500,N. Nakamura
GEOS 24600,N. Nakamura
GEOS 24705,E. Moyer
GEOS 25400,F. Ciesla
GEOS 26300,M. Webster
GEOS 26600,"M. Coleman, J. Waldbauer"
GEOS 27000,C. K. Boyce
GEOS 28000,D. Rowley
GEOS 28100,D. Rowley 
GEOS 28300,S. Kidwell 
GEOS 29001,Unknown
GEOS 29002,"S. Kidwell, M. LaBarbera"
GEOS 29003,Unknown
GEOS 29004,D. MacAyeal
GEOS 29005,Unknown
GEOS 29700,Unknown
ENST 12100,J. Frederick
ENST 12300,"D. Archer, D. MacAyeal"
ENST 12402,"A. Turkewitz, M. Nobrega"
ENST 12404,T. Price
ENST 13106,M. Ruddat
ENST 13300,D. Abbot
ENST 21201,P. Drake
ENST 21301,M. Lycett
ENST 21800,S. Shaikh
ENST 22000,A. Kolata
ENST 22506,A. Blanchette
ENST 23100,R. Lodato
ENST 23289,T. Wootton
ENST 23500,E. Clemens
ENST 23900,"A. Colman, D. Archer"
ENST 24102,R. Lodato
ENST 24701,R. Lodato
ENST 24705,E. Moyer
ENST 25100,"C. Pfister, E. Larsen"
ENST 25300,P. Martin
ENST 25500,"B. Patterson (odd years, lab). L., Heaney (even years, discussion)"
ENST 25900,M. Mikesell
ENST 26100,M. Conzen
ENST 26201,M. Lycett and P. Drake
ENST 26220,P. Drake
ENST 26300,R. Edmonds
ENST 26500,"G. Tolley, S. Shaikh"
ENST 26505,K. Morrison
ENST 26530,S. Shaikh
ENST 26531,S. Shaikh
ENST 26701,T. Massad
ENST 27100,M. McLeester
ENST 27201,K. Morrison
ENST 27220,S. Shaikh
ENST 27301,T. Massad
ENST 27320,A. Anastasio
ENST 27400,B. Lahey
ENST 27420,M. Mass
ENST 27750,S. Shaikh
ENST 27751,S. Shaikh
ENST 28210,"M. Lycett, K. Morrison"
ENST 29000,"S. Berry, G. Tolley"
ENST 29700,Unknown
ENST 29701,S. Shaikh
ENST 29720,Staff
ENST 29801,Staff
ENST 29802,Staff
ENST 29900,Staff
FNDL 28102,J. McCormick
FNDL 25311,Malynne Sternstein
FNDL 29901,Unknown
FNDL 29902,Unknown
FNDL 20502,K. Taylor
FNDL 21103,A. Maggi
FNDL 21411,C. Cohen
FNDL 21810,A. Maggi
FNDL 21908,J. Lear
FNDL 22001,A. Davidson
FNDL 23910,N. Tarcov
FNDL 24400,W. Doniger
FNDL 24804,S. Meredith
FNDL 27103,W. Nickell
FNDL 21416,D. Wray
FNDL 21714,J. Steinberg
FNDL 21907,P. Iovene
FNDL 23400,N. Tarcov
FNDL 23408,R. Moati
FNDL 23902,R. Fulton Brown
FNDL 23915,J. Vandiver
FNDL 24208,M. Nussbaum
FNDL 24212,E. Asmis
FNDL 24314,J. Zeitlin
FNDL 25706,A. Callard
FNDL 26904,P. Desan
FNDL 21211,"F. de Armas, T. Pavel"
FNDL 21300,S. Meredith
FNDL 21717,Eric Santner
FNDL 22405,F. de Armas and T. Pavel
FNDL 23107,B. Callard
FNDL 25704,B. Leiter
FNDL 26106,C. Cross
FNDL 26107,"W. Schweiker, W. Otten"
FNDL 26506,D. Bluher
FNDL 26507,X. Dong
FNDL 26903,Bozena Shallcross
ARTH 10100,Unknown
ARTH 21511,N. Atkinson
ARTH 26803,K. Taylor
CLCV 22514,L. Gardnier
CLCV 23514,M. Lowrie
CLCV 29100,Unknown
CMLT 24402,"T. Pavel, G. Most"
CMST 10100,"Y. Tsivian, Staff"
CMST 23001,Unknown
CMST 28500,T. Gunning
CMST 28600,T. Gunning
EALC 25811,P. Copp
ENGL 11501,J. Orlemanski
ENGL 11904,M. Ellmann
ENGL 13800,D. Bevington
ENGL 13900,D. Bevington
ENGL 15600,M. Miller
ENGL 21401,L. Zerilli
ENGL 22210,M. Miller
ENGL 23415,L. Rothfield
ENGL 24408,L. Kruger
ENGL 26000,W. Veeder
ENGL 33409,F. Ferguson
FREN 21501,D. Delogu
FREN 23600,P. Desan
FREN 25600,A. James
FREN 26510,A. James
HIST 20802,C. Hawkins
HIST 23002,C. Fasolt
HIST 24913,A. Winter
HIST 25506,R. Richards
HIST 27412,T. Holt
HIST 30109,T. Holt
ITAL 24110,R. Rubini
ITAL 25115,A. Davidson
ITAL 26200,A. Maggi
ITAL 28702,R. Rubini
JWSC 20004,S. Chavel
JWSC 20005,D. Schloen
JWSC 20006,N. Rokem
LATN 22200,S. Bartsch-Zimmer
LATN 22300,P. White
NEHC 20573,A. Ilieva
NEHC 20885,A. Ilieva
PHIL 21219,"R. Pippin, D. Wellbery"
PHIL 21700,B. Laurence
RLST 22602,C. Fasolt
RLST 23403,"M. Browning, Staff"
RLST 23603,"W. Schweiker, D. York"
RLST 24201,D. Arnold
RLST 24202,M. Kapstein
RUSS 25600,Unknown
RUSS 25700,Unknown
RUSS 27300,A. Ilieva
SPAN 22310,A. Lugo-Ortiz
SPAN 23900,F. de Armas
SPAN 26410,M. Martínez
GNSE 10100,Shanna Carlson
GNSE 10200,Kristen Schilt
GNSE 10310,"L. Berlant, K. Schilt"
GNSE 15002,Staff
GNSE 15003,Staff
GNSE 20170,K. Schilt
GNSE 21001,R. Shweder
GNSE 21400,Lauren Berlant
GNSE 21500,J. Mateo
GNSE 22401,Unknown
GNSE 23100,A. Davidson
GNSE 27420,K. Alexander
GNSE 27702,A. Ilieva
GNSE 28604,J. Dailey
GNSE 29600,M. Nussbaum
GNSE 50101,"M. Nussbaum, B. Leiter (Law School). A. Green (Law School)"
GEOG 20000,M. Mikesell
GEOG 20100,M. Mikesell
GEOG 21900,M. Conzen
GEOG 22100,M. Conzen
GEOG 22700,F. Stuart
GEOG 23003,J. Craig
GEOG 23500,M. Conzen
GEOG 25300,M. Mikesell
GEOG 25500,"B. Patterson (odd years, lab). L., Heaney (even years, discussion)"
GEOG 26100,M. Conzen
GEOG 26300,R. Edmonds
GEOG 26600,"G. Tolley, K. Ierulli"
GEOG 28201,T. Schuble
GEOG 28400,R. Greene
GEOG 28600,T. Schuble
GEOG 28800,G. Danzer
GEOG 29100,Unknown
GEOG 29300,M. Mikesell
GEOG 29400,M. Mikesell
GEOG 29500,M. Mikesell
GEOG 29700,Unknown
GEOG 29800,M. Conzen
GEOS 13100,A. Campbell
GEOS 13200,M. Foote
GEOS 13300,D. Abbot
GEOS 13400,"D. Archer, D. MacAyeal"
GEOS 21000,L. Grossman 
GEOS 21005,A. Campbell
GEOS 21100,N. Dauphas 
GEOS 21200,"A. Campbell, F. Richter"
GEOS 21205,D. MacAyeal
GEOS 21400,A. Campbell
GEOS 22000,L. Grossman 
GEOS 22040,F. Ciesla
GEOS 22050,F. Ciesla
GEOS 22060,"D. Abbot, F. Ciesla"
GEOS 22200,N. Dauphas
GEOS 23200,E. Moyer
GEOS 23205,D. MacAyeal
GEOS 23400,D. Archer
GEOS 23800,"D. Archer, J. Waldbauer"
GEOS 23805,A. Colman
GEOS 23900,"A. Colman, D. Archer"
GEOS 24200,D. Abbot
GEOS 24500,N. Nakamura
GEOS 24600,N. Nakamura
GEOS 24705,E. Moyer
GEOS 25400,F. Ciesla
GEOS 26300,M. Webster
GEOS 26600,"M. Coleman, J. Waldbauer"
GEOS 27000,C. K. Boyce
GEOS 28000,D. Rowley
GEOS 28100,D. Rowley 
GEOS 28300,S. Kidwell 
GEOS 29001,Unknown
GEOS 29002,"S. Kidwell, M. LaBarbera"
GEOS 29003,Unknown
GEOS 29004,D. MacAyeal
GEOS 29005,Unknown
GEOS 29700,Unknown
GRMN 10100,Unknown
GRMN 10200,Unknown
GRMN 10300,Unknown
GRMN 10201,Unknown
GRMN 13100,Unknown
GRMN 20100,Unknown
GRMN 20200,Unknown
GRMN 20300,Unknown
GRMN 21103,Unknown
GRMN 21203,Unknown
GRMN 21303,Unknown
GRMN 21403,Unknown
GRMN 23215,M. Geyer
GRMN 23510,D. Diner
GRMN 23914,Florian Klinger
GRMN 24815,I. Christian
GRMN 26014,B. Loschenkohl
GRMN 27114,David Wellbery
GRMN 28914,"David Levin, Saar Magal"
GRMN 29700,Unknown
GRMN 29900,Unknown
NORW 10100,Kimberly Kenny
NORW 10200,Kimberly Kenny
NORW 10300,Kimberly Kenny
NORW 10400,Kimberly Kenny
NORW 27000,Kimberly Kenny
NORW 29700,Kimberly Kenny
YDDH 10100,Sunny Yudkoff
YDDH 10200,Sunny Yudkoff
YDDH 10300,Sunny Yudkoff
YDDH 20100,S. Yudkoff
YDDH 20200,S. Yudkoff
YDDH 29700,Sunny Yudkoff
YDDH 29800,Sunny Yudkoff
HIST 10101,E. Osborn
HIST 10102,J. Cole
HIST 10800,M. Alam
HIST 10900,D. Chakrabarty
HIST 12700,A. Robertson
HIST 12800,Unknown
HIST 13001,"C. Fasolt, J. Lyon, J. Padgett, N. Ristuccia, Staff"
HIST 13002,"J. Boyer, J. Craig, J. Goldstein, J. Lyon, N. Ristuccia, Staff"
HIST 13003,N. Ristuccia
HIST 13100,"K. Weintraub, Autumn; J. Boyer, Summer"
HIST 13200,"K. Weintraub, Winter, Summer"
HIST 13300,"K. Weintraub, Spring; Staff, Summer"
HIST 13500,"E. Cook, Staff"
HIST 13600,"J. Dailey, Staff"
HIST 13700,"M. Briones, J. Sparrow, Staff"
HIST 13900,E. Gilburd
HIST 14000,E. Gilburd
HIST 15100,"K. Pomeranz, Autumn; Staff, Summer"
HIST 15200,"J. Ketelaar, Winter; Staff, Summer"
HIST 15300,K-H. Choi
HIST 15400,M. Bradley
HIST 15602,H. Haroutunian
HIST 15603,H. Karateke
HIST 15604,N. Moeller
HIST 15702,Unknown
HIST 15703,Unknown
HIST 15704,Unknown
HIST 15801,Staff
HIST 16101,"R. Granados-Salinas, R. Gutiérrez"
HIST 16102,M. Tenorio
HIST 16103,D. Borges
HIST 16402,J. Saville
HIST 16700,"J. Hall, Staff"
HIST 16800,"C. Hawkins, Staff"
HIST 16900,W. Kaegi
HIST 17300,R. Richards
HIST 17400,A. Johns
HIST 17402,"M. Rossi, A. Winter"
HIST 17501,A. Winter
HIST 17502,J. Evans
HIST 17503,A. Winter
HIST 18301,Unknown
HIST 18302,Unknown
HIST 18303,Unknown
HIST 20109,T. Holt
HIST 20402,C. Hawkins
HIST 20403,Sarah Nooter
HIST 20802,C. Hawkins
HIST 20901,J. Hall
HIST 21501,T. Leuchter
HIST 21701,W. Kaegi
HIST 21702,W. Kaegi
HIST 22113,R. Greenberg
HIST 22202,O. Bashkin
HIST 22406,S. Hammerschlag
HIST 22203,J. Lyon
HIST 22900,A. Palmer
HIST 23002,C. Fasolt
HIST 23003,J. Craig
HIST 23200,M. Geyer
HIST 23300,W. Sewell
HIST 23310,R. Fulton Brown
HIST 23510,R. Fulton Brown
HIST 23515,D. Diner
HIST 23704,W. Nickell
HIST 24005,A. Ilieva
HIST 24112,N. Toyosawa
HIST 24500,G. Alitto
HIST 24603,"C. Foxwell, J. Ketelaar"
HIST 34603,"C. Foxwell, J. Ketelaar"
HIST 24607,K. Pomeranz
HIST 24803,J. Ketelaar
HIST 24807,J. Ransmeier
HIST 25109,K. Davey
HIST 25311,M. Rossi
HIST 25503,"R. Richards, A. Winters"
HIST 25506,R. Richards
HIST 25510,A. Winter
HIST 25701,W. Kaegi
HIST 25704,C. Fleischer
HIST 25804,J. Woods
HIST 25904,A. Shissler
HIST 26214,E. Manzano
HIST 26604,M. Jayanth
HIST 26707,R. Majumdar
HIST 27013,P. Koch
HIST 27102,D. Hutchinson
HIST 27206,T. Dorrance
HIST 27412,T. Holt
HIST 27506,M. Conzen
HIST 28000,R. Gutiérrez
HIST 28002,T. Dorrance
HIST 28003,T. Dorrance
HIST 28301,E. Cook
HIST 28800,M. Conzen
HIST 28807,T. Parker
HIST 28809,D. Webb
HIST 28900,M. Conzen
HIST 29000,D. Borges
HIST 29301,B. Laurence
HIST 29302,M. Geyer and J. Sparrow
HIST 29303,S. Gzesh
HIST 29306,"N. Atkinson, Autumn; J. Cole, Spring"
HIST 29311,A. Janco
HIST 29312,A. Janco
HIST 29511,A. Janco
HIST 29513,E. Fransee
HIST 29612,T. Holt
HIST 29648,T. Zahra
HIST 29649,M. Geyer
HIST 29650,J. Saville
HIST 29651,R. Fulton Brown
HIST 29653,A. Johns
HIST 29654,M. Tenorio
HIST 29700,Unknown
HIST 29801,L. Auslander
HIST 29802,L. Auslander
HIPS 17300,R. Richards
HIPS 17400,A. Johns
HIPS 17402,"M. Rossi, A. Winter"
HIPS 17501,A. Winter
HIPS 17502,J. Evans
HIPS 17503,A. Winter
HIPS 20300,Unknown
HIPS 20700,M. Kremer
HIPS 20800,Unknown
HIPS 21100,R. Tuttle
HIPS 21200,J. Masco
HIPS 21301,J. Masco
HIPS 21400,Unknown
HIPS 21911,"D. Brudney, Staff"
HIPS 22000,K. Davey
HIPS 22300,W. Wimsatt
HIPS 22401,J. Mateo
HIPS 22601,J. Farquhar
HIPS 22700,Unknown
HIPS 23000,W. Sterner
HIPS 23500,R. Tuttle
HIPS 23600,R. Tuttle
HIPS 23700,R. Tuttle
HIPS 23900,"W. Wimsatt, S. Mufwene"
HIPS 24000,R. Tuttle
HIPS 24300,A. Davidson
HIPS 24800,A. Winter
HIPS 25107,A. Winter
HIPS 25203,M. Browning
HIPS 25204,M. Browning
HIPS 25307,A. Johns
HIPS 25311,M. Rossi
HIPS 25408,A. Winter
HIPS 25506,R. Richards
HIPS 25600,S. Stigler
HIPS 25601,Naomi Beck
HIPS 25700,A. Winter
HIPS 25901,R. Richards
HIPS 25902,K. Matlin
HIPS 26000,B. Callard
HIPS 26101,Unknown
HIPS 26203,J. Masco
HIPS 26502,J. Evans
HIPS 27013,P. Koch
HIPS 27302,E. Raikhel
HIPS 28002,A. Winter
HIPS 28101,"J. Lear, C. Vogler"
HIPS 28202,B. Fogel
HIPS 28303,D. Chakrabarty
HIPS 28601,A. Gugliotta
HIPS 28801,Unknown
HIPS 29610,D. Macuglia
HIPS 29611,Z. Barr
HIPS 29612,A. Browne
HIPS 29700,Unknown
HIPS 29800,R. Richards
HIPS 29810,Unknown
HIPS 29900,Unknown
HUMA 11000,Unknown
HUMA 11100,Unknown
HUMA 11200,Unknown
HUMA 11500,Unknown
HUMA 11600,Unknown
HUMA 11700,Unknown
HUMA 12000,Unknown
HUMA 12100,Unknown
HUMA 12200,Unknown
HUMA 12300,Unknown
HUMA 12400,Unknown
HUMA 12500,Unknown
HUMA 13500,Unknown
HUMA 13600,Unknown
HUMA 13700,Unknown
HUMA 14000,Unknown
HUMA 14100,Unknown
HUMA 14200,Unknown
HUMA 16000,Unknown
HUMA 16100,Unknown
HUMA 16200,Unknown
HUMA 17000,Unknown
HUMA 17100,Unknown
HUMA 17200,Unknown
HUMA 19100,Unknown
HUMA 02980,D. Spatz
HUMA 20710,C. Bohlman
HUMA 20711,C. Bohlman
HUMA 20712,C. Bohlman
HUMA 20713,C. Bohlman
HUMA 24005,"H. Nusbaum, B. Keysar, B. Hoeckner, A. Henly"
HUMA 25204,M. Browning
HUMA 29700,Unknown
HMRT 20100,B. Laurence
HMRT 20200,M. Geyer and J. Sparrow
HMRT 20300,S. Gzesh
HMRT 20101,D. Brudney
HMRT 20201,M. Bradley
HMRT 20301,S. Gzesh
HMRT 20116,T. Clark
HMRT 21400,"R. Sherer, E. Lyon"
HMRT 23301,M. Geyer
HMRT 23302,M. Geyer
HMRT 24701,S. Gzesh
HMRT 25106,J. Hoffman
HMRT 25107,J. Hoffman
HMRT 25210,M. Fred
HMRT 26500,A. Janco
HMRT 26700,A. Janco
HMRT 26800,A. Janco
HMRT 27061,A. Stanley
HMRT 27306,A. Stanley
HMRT 28310,D. Kulick
HMRT 28602,"E. Lyon, H. Saussy"
HMRT 29001,S. Gzesh
HMRT 29504,"Monica McWilliams, Richard and Ann Silver Pozen Visiting Professor in Human Rights; Associate Researcher, Transitional Justice Institute, University of Ulster"
HMRT 29505,"Eric Stover, Richard and Ann Silver Pozen Visiting Professor in Human Rights; Faculty Director of the Human Rights Center and Adjunct Professor of Law and Public Health, University of California at Berkeley"
HMRT 20100,B. Laurence
HMRT 20200,M. Geyer and J. Sparrow
HMRT 20300,S. Gzesh
HMRT 20101,D. Brudney
HMRT 20201,M. Bradley
HMRT 20301,S. Gzesh
HMRT 20116,T. Clark
HMRT 21400,"R. Sherer, E. Lyon"
HMRT 23301,M. Geyer
HMRT 23302,M. Geyer
HMRT 24701,S. Gzesh
HMRT 25106,J. Hoffman
HMRT 25107,J. Hoffman
HMRT 25210,M. Fred
HMRT 26500,A. Janco
HMRT 26700,A. Janco
HMRT 26800,A. Janco
HMRT 27061,A. Stanley
HMRT 27306,A. Stanley
HMRT 28310,D. Kulick
HMRT 28602,"E. Lyon, H. Saussy"
HMRT 29001,S. Gzesh
HMRT 29504,"Monica McWilliams, Richard and Ann Silver Pozen Visiting Professor in Human Rights; Associate Researcher, Transitional Justice Institute, University of Ulster"
HMRT 29505,"Eric Stover, Richard and Ann Silver Pozen Visiting Professor in Human Rights; Faculty Director of the Human Rights Center and Adjunct Professor of Law and Public Health, University of California at Berkeley"
ISHU 29802,Unknown
ISHU 29900,Unknown
ISHU 23000,"L. McEnerney, K. Cochran, T. Weiner"
INST 23101,Unknown
INST 23102,Unknown
INST 27701,L. Jasarevic
INST 27702,L. Jasarevic
INST 29700,Unknown
INST 29800,Unknown
INST 29801,Unknown
INST 29900,Unknown
JWSC 11000,S. Creason
JWSC 11100,S. Creason
JWSC 11200,S. Creason
JWSC 20001,R. Greenberg
JWSC 20002,S. Hammerschlag
JWSC 20003,O. Bashkin
JWSC 20004,S. Chavel
JWSC 20005,D. Schloen
JWSC 20006,N. Rokem
JWSC 20300,Sunny Yudkoff
JWSC 20400,Sunny Yudkoff
JWSC 20500,Sunny Yudkoff
JWSC 20452,N. Rokem
JWSC 20911,I. Gafni
JWSC 22000,S. Creason
JWSC 22100,S. Creason
JWSC 22200,S. Creason
JWSC 22201,N. Golb
JWSC 22302,N. Golb
JWSC 22300,D. Pardee
JWSC 22400,D. Pardee
JWSC 22500,D. Pardee
JWSC 23000,N. Golb
JWSC 23100,N. Golb
JWSC 23200,N. Golb
JWSC 24500,L. Shapiro
JWSC 25000,A. Almog
JWSC 25100,A. Almog
JWSC 25200,A. Almog
JWSC 25300,A. Almog
JWSC 25400,A. Almog
JWSC 25500,A. Almog
JWSC 25600,A. Finkelstein
JWSC 25700,A. Finkelstein
JWSC 25800,A. Finkelstein
JWSC 25601,N. Rokem
JWSC 26115,A. Davidson
JWSC 26310,D. Diner
JWSC 26600,J. Mearsheimer
JWSC 27301,S. Yudkoff
JWSC 27401,S. Yudkoff
JWSC 28914,"David Levin, Saar Magal"
JWSC 29700,Unknown
JWSC 29900,Unknown
LACS 16100,"R. Granados-Salinas, R. Gutiérrez"
LACS 16200,M. Tenorio
LACS 16300,D. Borges
LACS 16460,M. Sullivan
LACS 16700,Rosario Granados
LACS 17735,M. Sullivan
LACS 21205,M. Sullivan
LACS 22310,A. Lugo-Ortiz
LACS 22314,M. L. Tenorio
LACS 22501,Lecturer
LACS 22502,Lecturer
LACS 22503,Lecturer
LACS 23510,D. Desormeaux
LACS 24250,Rosario Granados
LACS 24512,Unknown
LACS 24513,Unknown
LACS 24514,Unknown
LACS 24801,M. Santana
LACS 25100,E. Manzano
LACS 27808,J. Lopez
LACS 27901,John Lucy
LACS 27902,J. Lucy
LACS 27903,J. Lucy
LACS 29700,Unknown
LACS 29801,Unknown
LACS 29900,Unknown
LLSO 24200,D. Hutchinson
LLSO 20601,E. Cook
LLSO 20702,R. Austen
LLSO 21710,N. Tarcov
LLSO 21810,J. Pitts
LLSO 21811,T. Holt
LLSO 22104,A. Johns
LLSO 22612,B. Laurence
LLSO 23501,A. Johns
LLSO 23900,G. Rosenberg
LLSO 24300,D. Hutchinson
LLSO 24711,D. Hutchinson
LLSO 25411,J. Dailey
LLSO 25417,B. Silberman
LLSO 25612,S. Muthu
LLSO 25903,J. Pitts
LLSO 26815,J. Saville
LLSO 28233,J. McCormick
LLSO 28500,N. Tarcov
LLSO 28611,H. Gray
LLSO 20602,E. Cook
LLSO 20603,E. Cook
LLSO 20606,E. Cook
LLSO 20911,B. Sinclair
LLSO 21103,A. Lippert
LLSO 21210,T. Holt
LLSO 22106,A. Lippert
LLSO 22209,A. Green
LLSO 22210,A. Green
LLSO 22612,B. Laurence
LLSO 22707,F. Albritton Jonsson
LLSO 22710,M. Hansen
LLSO 23100,R. Lodato
LLSO 23114,M. Geyer
LLSO 23402,M. Geyer
LLSO 23415,W. Sewell
LLSO 24000,G. Rosenberg
LLSO 24011,G. Rosenberg
LLSO 24901,R. Lodato
LLSO 25100,B. Laurence
LLSO 25203,J. Craig
LLSO 25204,J. Craig
LLSO 25215,W. Howell
LLSO 25610,S. Muthu
LLSO 25903,J. Pitts
LLSO 25904,J. Dailey
LLSO 26000,E. Cook
LLSO 26109,C. Lipson
LLSO 26201,S. Shaikh
LLSO 26202,"G. Tolley, K. Ierulli"
LLSO 26500,"E. Kouri, M. Tenorio"
LLSO 26601,B. Silberman
LLSO 26702,J. Brehm
LLSO 26802,J. Brehm
LLSO 26803,J. Saville
LLSO 26804,P. Staniland
LLSO 27100,M. Geyer and J. Sparrow
LLSO 27101,M. Dawson
LLSO 27200,S. Gzesh
LLSO 27306,A. Stanley
LLSO 27307,B. Lessing
LLSO 27601,T. Holt
LLSO 27704,"W. Howell, J. McCormick"
LLSO 27801,M. Browning
LLSO 28000,A. Stanley
LLSO 28010,A. Stanley
LLSO 28100,G. Rosenberg
LLSO 28212,R. Gooding-Williams
LLSO 28311,B. Wassserstein
LLSO 28313,"T. Holt, L. Auslander"
LLSO 28314,T. Holt
LLSO 28604,J. Dailey
LLSO 28613,E. Oliver
LLSO 28710,M. Albertus
LLSO 28711,T. Holt
LLSO 29000,Unknown
LLSO 29201,T. Paschel
LLSO 29400,D. Hutchinson
ASLG 10100,D. Ronchen
ASLG 10200,D. Ronchen
ASLG 10300,D. Ronchen
ASLG 10400,D. Ronchen
ASLG 10500,D. Ronchen 
ASLG 10600,D. Ronchen 
BASQ 12000,A. Gabantxo
BASQ 12100,A. Gabantxo
BASQ 12200,A. Gabantxo
LGLN 10101,H. Haroutunian
LGLN 10102,H. Haroutunian
LGLN 10103,H. Haroutunian
LGLN 10115,E. Annamalai
LGLN 10215,E. Annamalai
LGLN 10315,E. Annamalai
LGLN 18700,K. Arik
LGLN 18711,K. Arik
LGLN 18712,K. Arik
LGLN 18713,K. Arik
LGLN 20101,H. Haroutunian
LGLN 20102,H. Haroutunian
LGLN 20103,H. Haroutunian
LGLN 20115,E. Annamalai
LGLN 20215,E. Annamalai
LGLN 20315,E. Annamalai
LGLN 21101,R. Hasselbach
LGLN 21102,R. Hasselbach
LGLN 22001,Y. Gorbachov
LGLN 22100,T. Wysocki-Niimi
LGLN 22200,T. Wysocki-Niimi
LGLN 22300,T. Wysocki-Niimi
LGLN 24300,V. Friedman
LGLN 24600,T. van den Hout
LGLN 24700,T. van den Hout
LGLN 24800,P. Goedegebuure
LGLN 27200,Sunny Yudkoff
LGLN 27300,Sunny Yudkoff
LGLN 27400,Sunny Yudkoff
LGLN 27800,V. Friedman
LGLN 29700,Victor Friedman
LING 20001,Staff
LING 20101,Jason Riggle
LING 20150,Salikoko Mufwene
LING 20201,Staff
LING 20301,Anastasia Giannakidou
LING 21000,Amy Dahlstrom
LING 21010,Greg Kobele
LING 21600,S. Goldin-Meadow
LING 21920,Salikoko Mufwene
LING 23920,Jason Riggle
LING 24450,Amy Dahlstrom
LING 25000,Dorothea Hoffman
LING 25160,John Goldsmith
LING 25360,Amy Dahlstrom
LING 26310,Victor Friedman and Lenore Grenoble
LING 26400,Y. Gorbachov
LING 27010,Ming Xiang
LING 27130,M. Silverstein
LING 27200,V. Friedman
LING 27220,S. Gal
LING 27340,Jordan Fenlon
LING 27500,Salikoko Mufwene
LING 27700,J. Lucy
LING 27860,John Goldsmith
LING 27910,Jordan Fenlon
LING 28600,J. Goldsmith
LING 29405,D. Kulick
LING 29601,H. Kim
LING 29700,Unknown
LING 29900,Unknown
MOGK 10100,Unknown
MOGK 10200,Unknown
SWAH 25200,F. Mpiranya
SWAH 25300,F. Mpiranya
SWAH 25400,F. Mpiranya
SWAH 26800,F. Mpiranya
SWAH 26900,F. Mpiranya
SWAH 27000,F. Mpiranya
MATH 10500,Unknown
MATH 11200,Unknown
MATH 11300,Unknown
MATH 13100,Unknown
MATH 13200,Unknown
MATH 13300,Unknown
MATH 15100,Unknown
MATH 15200,Unknown
MATH 15300,Unknown
MATH 16100,Unknown
MATH 16200,Unknown
MATH 16300,Unknown
MATH 17500,Unknown
MATH 17600,Unknown
MATH 19520,Unknown
MATH 19620,Unknown
MATH 19900,Unknown
MATH 20000,Unknown
MATH 20100,Unknown
MATH 20300,Unknown
MATH 20400,Unknown
MATH 20500,Unknown
MATH 20700,Unknown
MATH 20800,Unknown
MATH 20900,Unknown
MATH 21100,Unknown
MATH 21200,Unknown
MATH 22000,Unknown
MATH 23500,Unknown
MATH 24100,Unknown
MATH 24200,Unknown
MATH 24300,Unknown
MATH 25400,Unknown
MATH 25500,Unknown
MATH 25600,Unknown
MATH 25700,Unknown
MATH 25800,Unknown
MATH 25900,Unknown
MATH 26200,Unknown
MATH 26300,Unknown
MATH 26700,Unknown
MATH 26800,Unknown
MATH 27000,Unknown
MATH 27200,Unknown
MATH 27300,Unknown
MATH 27400,Unknown
MATH 27500,Unknown
MATH 27700,Unknown
MATH 27800,Unknown
MATH 28000,K. Mulmuley
MATH 28100,K. Mulmuley
MATH 28410,L. Babai
MATH 29520,Unknown
MATH 29700,Unknown
ARTH 14215,P. Crowley
ARTH 17015,H. Badamo
ARTH 17211,C. Foxwell
ARTH 17612,C. Cohen
ARTH 22550,H. Badamo
ARTH 23005,P. Berlekamp
ENGL 11501,J. Orlemanski
ENGL 14801,Unknown
ENGL 15600,M. Miller
FNDL 21103,A. Maggi
FNDL 21714,J. Steinberg
FNDL 26106,C. Cross
FREN 26700,D. Delogu
HCHR 30200,Unknown
HIST 21701,W. Kaegi
HIST 21702,W. Kaegi
HIST 23310,R. Fulton Brown
HIST 23510,R. Fulton Brown
HIST 23514,D. Nirenberg
HIST 25701,W. Kaegi
ITAL 23502,J. Steinberg
LATN 25000,P. White
NEHC 20411,N. Golb
NEHC 20412,N. Golb
NEHC 20413,N. Golb
NEHC 30411,N. Golb
NEHC 30412,N. Golb
NEHC 30413,N. Golb
NEHC 20501,C. Fleischer
NEHC 20502,J. Woods
NEHC 20503,A. Shissler
NEHC 30501,C. Fleischer
NEHC 20601,T. Qutbuddin
NEHC 20602,F. Lewis
NEHC 20603,O. Bashkin
NEHC 30601,T. Qutbuddin
NEHC 30602,F. Lewis
NEHC 30603,O. Bashkin
PHIL 26000,B. Callard
RLST 21801,L. Pick
SLAV 22000,Y. Gorbachov
SLAV 22302,Boris Maslov
MENG 20000,Matthew Tirrell
MENG 21000,Paul Nealey
MENG 21900,Staff
MENG 23000,"Juan de Pablo, Giulia Galli"
MENG 24100,"Juan de Pablo, Giulia Galli"
MENG 24200,"Giulia Galli, Juan de Pablo"
MENG 24300,Joel Collier
MENG 25000,IIT Institute of Design/IME Faculty
MENG 29600,David Awschalom
MENG 29700,IME Faculty
MUSI 10100,Unknown
MUSI 10200,M. King
MUSI 10300,Unknown
MUSI 10400,Unknown
MUSI 12100,A. Robertson
MUSI 12200,Unknown
MUSI 14300,Various
MUSI 15100,Various
MUSI 15200,Various
MUSI 15300,Various
MUSI 20900,B. Hoeckner
MUSI 21814,James Kallembach
MUSI 22300,Various
MUSI 22404,Various
MUSI 22806,Various
MUSI 22900,Various
MUSI 23104,Various
MUSI 23300,Unknown
MUSI 23410,Various
MUSI 23503,K. Arik
MUSI 23509,Various
MUSI 23514,Kaley Mason
MUSI 23606,Various
MUSI 23611,Various
MUSI 23614,Travis Jackson
MUSI 23700,Unknown
MUSI 23900,T. Jackson
MUSI 23911,P. Bohlman
MUSI 24000,Various
MUSI 25100,S. Rings
MUSI 25200,Various
MUSI 25300,S. Rings
MUSI 25600,M. Bowden
MUSI 25701,L. Zbikowski
MUSI 25800,E. Blackwood
MUSI 25801,L. Zbikowski
MUSI 25804,Easley Blackwood
MUSI 26100,Unknown
MUSI 26300,H. Sandroff
MUSI 26400,H. Sandroff
MUSI 26514,C. Vellutini
MUSI 26800,Unknown
MUSI 26900,Unknown
MUSI 27100,Unknown
MUSI 27200,Unknown
MUSI 27300,Unknown
MUSI 28500,A. Briggs
MUSI 28914,"David Levin, Saar Magal"
MUSI 29500,Unknown
MUSI 29700,Unknown
MUSI 29900,Unknown
NTSC 10100,A. Davis
NTSC 10200,"C. Hogan, L: J. Carlstrom"
NTSC 10300,D. Jablonski
NTSC 10400,T. Price
AKKD 10101,Staff
AKKD 10102,Staff
AKKD 10103,Staff
AANL 10101,T. van den Hout
AANL 10102,T. van den Hout
AANL 10103,P. Goedegebuure
AANL 20125,P. Goedegebuure
AANL 20303,T. van den Hout
ARAB 10101,"H. Abdel Mobdy, O. abu-Eledam, L. Choudar"
ARAB 10102,"H. Abdel Mobdy, O. abu-Eledam, N. Forster"
ARAB 10103,"H. Abdel Mobdy, O. abu-Eledam, L. Choudar, N. Forster"
ARAB 10250,O. abu-Eledam
ARAB 20101,"N. Forster, O. abu-Eledam, K. Heikkinen"
ARAB 20102,"N. Forster, O. abu-Eledam, K. Heikinen"
ARAB 20103,"N. Forster, O. abu-Eledam, K. Heikinen"
ARAB 20588,Staff
ARAM 10101,S. Creason
ARAM 10102,S. Creason
ARAM 10103,S. Creason
ARME 10101,H. Haroutunian
ARME 10102,H. Haroutunian
ARME 10103,H. Haroutunian
ARME 20101,H. Haroutunian
ARME 20102,H. Haroutunian
ARME 20103,H. Haroutunian
EGPT 10101,J. Johnson
EGPT 10102,J. Johnson
EGPT 10103,Staff
EGPT 10201,R. Ritner
EGPT 10202,R. Ritner
EGPT 20101,J. Johnson
EGPT 20102,K. Lockhart
EGPT 20110,Staff
EGPT 20210,R. Ritner
EGPT 20211,Staff
GEEZ 10101,R. Hasselbach
GEEZ 10102,R. Hasselbach
HEBR 10101,S. Creason
HEBR 10102,S. Creason
HEBR 10103,S. Creason
HEBR 10501,A. Almog
HEBR 10502,A. Almog
HEBR 10503,A. Almog
HEBR 20104,D. Pardee
HEBR 20105,D. Pardee
HEBR 20106,D. Pardee
HEBR 20301,N. Golb
HEBR 20302,N. Golb
HEBR 20501,A. Almog
HEBR 20502,A. Almog
HEBR 20503,A. Almog
KAZK 10101,K. Arik
NEAA 10630,P. Berlekamp
NEAA 10631,P. Berlekamp
NEAA 17205,P. Berlekamp
NEAA 20001,M. Gibson
NEAA 20005,D. Whitcomb
NEAA 20006,N. Moeller
NEAA 20030,Unknown
NEAA 20051,D. Schloen
NEAA 20061,E. Hammer
NEAA 20062,S. Branting
NEAA 20532,D. Whitcomb
NEAA 20801,P. Berlekamp
NEAA 29700,Unknown
NEHC 10101,Staff
NEHC 20001,Unknown
NEHC 20002,"Johnson, Ritner, Muhs"
NEHC 20003,P. Goedegebuure
NEHC 20004,C. Woods
NEHC 20005,H. Haroutunian
NEHC 20006,B. Muhs
NEHC 30004,C. Woods
NEHC 20011,H. Haroutunian
NEHC 20012,H. Karateke
NEHC 20013,N. Moeller
NEHC 30011,H. Haroutunian
NEHC 20401,R. Greenberg
NEHC 20402,S. Hammerschlag
NEHC 20403,O. Bashkin
NEHC 20404,J. Stackert
NEHC 20405,D. Schloen
NEHC 20406,N. Rokem
NEHC 20411,N. Golb
NEHC 20412,N. Golb
NEHC 20413,N. Golb
NEHC 30411,N. Golb
NEHC 30412,N. Golb
NEHC 30413,N. Golb
NEHC 20416,Unknown
NEHC 20417,Unknown
NEHC 20418,Unknown
NEHC 20491,I. Gafni
NEHC 20501,C. Fleischer
NEHC 20502,J. Woods
NEHC 20503,A. Shissler
NEHC 30501,C. Fleischer
NEHC 20573,A. Ilieva
NEHC 20601,T. Qutbuddin
NEHC 20602,F. Lewis
NEHC 20603,O. Bashkin
NEHC 30601,T. Qutbuddin
NEHC 30602,F. Lewis
NEHC 30603,O. Bashkin
NEHC 20634,W. Kaegi
NEHC 20636,Unknown
NEHC 20652,F. Lewis
NEHC 20765,K. Arik
NEHC 20885,A. Ilieva
NEHC 26106,C. Cross
NEHC 26514,S. Torallas Tovar
NEHC 26914,S. Torallas Tovar
NEHC 29700,Unknown
NEHC 29800,A. El-Shamsy
NEHC 29999,A. El-Shamsy
PERS 10101,"S. Ghahremani, H. Khafipour"
PERS 10102,"S. Ghahremani, H. Khafipour"
PERS 10103,"S. Ghahremani, H. Khafipour"
PERS 20101,S. Ghahremani
PERS 20102,S. Ghahremani
PERS 20103,S. Ghahremani
PERS 20320,F. Lewis
PERS 20321,F. Lewis
TURK 10101,K. Arik
TURK 10102,K. Arik
TURK 10103,K. Arik
TURK 10105,K. Arik
TURK 10106,K. Arik
TURK 10107,K. Arik
TURK 20101,Staff
TURK 20102,Staff
TURK 20103,Staff
UGAR 20101,D. Pardee
UGAR 20102,D. Pardee
UGAR 20103,D. Pardee
UZBK 10101,Staff
UZBK 10102,Staff
UZBK 10103,Staff
NCDV 29700,Unknown
NCDV 29800,Unknown
NCDV 29900,Unknown
PHIL 20100,M. Kremer
PHIL 20117,"J. Conant, I. Kimhi"
PHIL 20212,A. Mueller
PHIL 21000,B. Callard
PHIL 21300,Staff
PHIL 21600,B. Laurence
PHIL 21610,"D. Brudney, Staff"
PHIL 21700,B. Laurence
PHIL 21720,J. Lear
PHIL 22000,K. Davey
PHIL 22820,R. Schultz
PHIL 23000,B. Callard
PHIL 23005,B. Callard
PHIL 23006,R. Moati
PHIL 23011,M. Kremer
PHIL 23020,D. Finkelstein
PHIL 23408,R. Moati
PHIL 24025,M. Willer
PHIL 24097,N. Ben Moshe
PHIL 24208,M. Nussbaum
PHIL 24301,R. Richards
PHIL 24602,J. Conant
PHIL 24800,A. Davidson
PHIL 25000,A. Callard
PHIL 25115,A. Davidson
PHIL 25706,A. Callard
PHIL 26000,B. Callard
PHIL 27000,D. Smyth
PHIL 28010,B. Callard
PHIL 29100,Staff
PHIL 29200,Unknown
PHIL 29300,Unknown
PHIL 29425,M. Willer
PHIL 29601,J. Bridges
PHIL 29700,Staff
PHIL 29901,"Kevin Davey, Staff"
PHIL 29902,Staff
PHSC 10900,D. Rowley
PHSC 11000,M. Webster; S. Kidwell
PHSC 10900,D. Rowley
PHSC 13400,"D. Archer, D. MacAyeal"
PHSC 11100,Unknown
PHSC 11200,Unknown
PHSC 11100,Unknown
PHSC 11300,Unknown
PHSC 11400,D. Reid
PHSC 11500,S. Wakely
PHSC 11900,"R. Rosner, Autumn; S. Meyer, Winter. L: A. Kravtsov, Autumn; P. Privitera, Winter"
PHSC 12000,"E. Kolb, Winter; S. Dodelson, Spring. L: P. Privitera, Winter; J. Carlstrom, Spring"
PHSC 12800,R. Kron
PHSC 11902,F. Catteneo
PHSC 12000,"E. Kolb, Winter; S. Dodelson, Spring. L: P. Privitera, Winter; J. Carlstrom, Spring"
PHSC 13400,"D. Archer, D. MacAyeal"
PHSC 13500,J. Frederick
PHSC 13400,"D. Archer, D. MacAyeal"
PHSC 13600,N. Nakamura
PHSC 13500,J. Frederick
PHSC 11000,M. Webster; S. Kidwell
PHSC 18100,R. Kron
PHSC 18200,N. Gnedin
PHSC 18300,D. Harper
PHYS 12100,Unknown
PHYS 12200,Unknown
PHYS 12300,Unknown
PHYS 13100,Unknown
PHYS 13200,Unknown
PHYS 13300,Unknown
PHYS 14100,Unknown
PHYS 14200,Unknown
PHYS 14300,Unknown
PHYS 15400,Unknown
PHYS 18500,Unknown
PHYS 19700,Unknown
PHYS 21101,Unknown
PHYS 21102,Unknown
PHYS 21103,Unknown
PHYS 22000,Unknown
PHYS 22100,Unknown
PHYS 22500,Unknown
PHYS 22700,Unknown
PHYS 22600,Unknown
PHYS 23400,Unknown
PHYS 23500,Unknown
PHYS 23600,Unknown
PHYS 23700,Unknown
PHYS 24300,Unknown
PHYS 24500,Unknown
PHYS 24600,Staff
PHYS 25000,Unknown
PHYS 25500,Staff
PHYS 26400,Unknown
PHYS 26500,Staff
PHYS 29100,Unknown
PHYS 29200,Unknown
PHYS 29300,Unknown
PHYS 29700,Unknown
PLSC 20693,Brian Bitar
PLSC 21216,A. Blair
PLSC 21217,S. Galloway
PLSC 21218,S. Klein
PLSC 21219,D. Luban
PLSC 21315,S. Fenner
PLSC 21316,T. Islas Weinstein
PLSC 21415,E. Hundman
PLSC 21501,D. Nichanian
PLSC 22400,J. Brehm
PLSC 22600,B. Laurence
PLSC 22825,R. Schultz
PLSC 22913,Staff
PLSC 23100,M. Dawson
PLSC 23300,B. Silberman
PLSC 23414,S. Wengle
PLSC 23415,W. Sewell
PLSC 23720,J. Vandiver
PLSC 23910,N. Tarcov
PLSC 23915,J. Vandiver
PLSC 24810,M. Hansen
PLSC 25001,T. Paschel
PLSC 25310,J. Vandiver
PLSC 25610,S. Muthu
PLSC 25810,D. Slater
PLSC 25900,B. Silberman
PLSC 26800,P. Staniland
PLSC 27216,J. McCormick
PLSC 27315,J. McCormick
PLSC 27500,J. Padgett
PLSC 28100,S. Markus
PLSC 28500,J. Mearsheimer
PLSC 28701,S. Muthu
PLSC 28710,M. Albertus
PLSC 28800,G. Rosenberg
PLSC 28801,W. Howell
PLSC 28900,R. Pape
PLSC 28901,M. Nalepa
PLSC 29000,J. Mearsheimer
PLSC 29200,G. Rosenberg
PLSC 29500,B. Lessing
PLSC 29700,Unknown
PLSC 29800,Unknown
PLSC 29900,Unknown
PSYC 20000,J. Cacioppo
PSYC 20100,W. Goldstein
PSYC 20200,A. Henly
PSYC 20209,M. Spencer
PSYC 20300,L. Kay
PSYC 20400,D. Casasanto
PSYC 20500,A. Woodward
PSYC 20600,W. Goldstein
PSYC 20700,S. Shevell
PSYC 20850,Staff
PSYC 21510,H. Nusbaum
PSYC 21750,B. Prendergast
PSYC 21950,J. Lucy
PSYC 22750,K. Keenan
PSYC 23000,R. Shweder
PSYC 23165,J. Decety
PSYC 23200,S. Goldin-Meadow
PSYC 23249,"S. Pruett-Jones (even-numbered years), J. Mateo (odd-numbered years)"
PSYC 23301,J. Decety
PSYC 24000,"M. Hale, D. Freedman"
PSYC 24050,"H. Nusbaum, B. Keysar, B. Hoeckner, A. Henly"
PSYC 24567,J. Decety
PSYC 24670,L. Garvin
PSYC 24680,S. Hedger
PSYC 25101,B. Keysar
PSYC 25120,A. Kalil
PSYC 25650,S. Gaither
PSYC 25700,B. Keysar
PSYC 25750,G. Norman
PSYC 26219,C. El Ouardani
PSYC 27010,Ming Xiang
PSYC 28910,L. Kay
PSYC 29200,Unknown
PSYC 29350,D. Casasanto
PSYC 29700,Unknown
PSYC 29800,S. Levine
PBPL 20000,"S. Shaikh, Staff"
PBPL 20305,M. Keels
PBPL 21800,S. Shaikh
PBPL 22100,C. Berry
PBPL 22200,J. Leitzel
PBPL 22300,Staff
PBPL 23000,E. Laumann
PBPL 23100,R. Lodato
PBPL 23200,S. Levitt
PBPL 23600,E. Clemens
PBPL 24500,"G. Tolley, K. Ierulli"
PBPL 24701,R. Lodato
PBPL 24751,C. Velasquez
PBPL 24800,T. Clark
PBPL 24901,C. Broughton
PBPL 25120,A. Kalil
PBPL 25405,C. Broughton
PBPL 25620,A. Menendez
PBPL 25630,Staff
PBPL 26200,"Section 1: E. Carter, Autumn; Section 2: C. Broughton, Winter"
PBPL 26300,"Section 1: E. Carter, Winter; Section 2: C. Broughton, Spring"
PBPL 26400,W. Carter
PBPL 26500,E. Carter
PBPL 26505,W. Carter
PBPL 26530,S. Shaikh
PBPL 26531,S. Shaikh
PBPL 26605,W. Carter
PBPL 26700,D. Neal
PBPL 26709,W. Carter
PBPL 26801,W. Carter
PBPL 27040,A. Jones
PBPL 27070,E. Clemens
PBPL 27501,J. Leitzel
PBPL 27750,S. Shaikh
PBPL 27751,S. Shaikh
PBPL 27821,S. Stoelinga
PBPL 28501,C. Harris
PBPL 28605,J. Leitzel
PBPL 28702,A. Fowler
PBPL 28805,J. Leitzel
PBPL 29000,"S. Berry, G. Tolley"
PBPL 29304,M. Keels
PBPL 29305,M. Schill
PBPL 29411,G. Hong
PBPL 29600,Staff
PBPL 29700,Unknown
PBPL 29701,S. Shaikh
PBPL 29800,Staff
PBPL 29900,Staff
RLST 10100,L. Pick
RLST 11005,S. Chavel
RLST 20408,D. Schloen
RLST 12000,M. Mitchell
RLST 20401,T. Qutbuddin
RLST 20402,F. Lewis
RLST 20403,O. Bashkin
RLST 20501,C. Fleischer
RLST 20604,R. Greenberg
RLST 20605,O. Bashkin
RLST 25801,S. Hammerschlag
RLST 20911,I. Gafni
RLST 21311,P. Koch
RLST 21400,D. Borges
RLST 22311,D. Durdin
RLST 22602,C. Fasolt
RLST 23011,M. Kremer
RLST 23403,"M. Browning, Staff"
RLST 23603,"W. Schweiker, D. York"
RLST 24201,D. Arnold
RLST 24202,M. Kapstein
RLST 25115,A. Davidson
RLST 25601,"W. Schweiker, W. Otten"
RLST 26800,W. Doniger
RLST 27710,C. Preston
RLST 28304,K. Krause
RLST 28704,K. Krause
RLST 28914,"David Levin, Saar Magal"
RLST 29700,Unknown
RLST 29800,Unknown
RLST 29900,Unknown
CATA 10100,Staff
CATA 10200,Staff
CATA 10300,Staff
CATA 12200,Staff
CATA 12300,Staff
CATA 21500,Staff
CATA 21900,Staff
CATA 22015,F. Parcerisas 
CATA 27513,M. McCarron
CATA 29700,Unknown
FREN 10100,Unknown
FREN 10200,Unknown
FREN 10300,Unknown
FREN 20100,Unknown
FREN 20200,Unknown
FREN 20300,Unknown
FREN 20500,Unknown
FREN 20601,Unknown
FREN 21503,D. Delogu
FREN 21600,R. Morrissey
FREN 21803,R. Morrissey
FREN 21903,D. Desormeaux
FREN 22614,Z. Paul
FREN 23510,D. Desormeaux
FREN 23600,P. Desan
FREN 24300,P. Desan
FREN 24310,D. Desormeaux
FREN 25600,A. James
FREN 26303,S. Caviglia-Brunel
FREN 26510,A. James
FREN 26700,D. Delogu
FREN 29700,Unknown
FREN 29900,Unknown
RLLT 26106,C. Cross
SOSC 27501,Unknown
SOSC 27601,Unknown
SOSC 27701,Unknown
ITAL 10100,Unknown
ITAL 10200,Unknown
ITAL 10300,Unknown
ITAL 12200,Unknown
ITAL 20100,Unknown
ITAL 20200,Unknown
ITAL 20300,Unknown
ITAL 20400,Unknown
ITAL 20500,Unknown
ITAL 21100,Unknown
ITAL 21800,A. Maggi
ITAL 23203,R. West
ITAL 23502,J. Steinberg
ITAL 23900,A. Maggi
ITAL 25115,A. Davidson
ITAL 26200,A. Maggi
ITAL 29000,R. West
ITAL 29700,Unknown
ITAL 29900,Unknown
PORT 10100,Unknown
PORT 10200,Unknown
PORT 10300,Unknown
PORT 12200,A.-M. Lima
PORT 20100,A.-M. Lima
PORT 20200,A.-M. Lima
PORT 21500,A.-M. Lima
PORT 29700,Unknown
SPAN 10100,Unknown
SPAN 10200,Unknown
SPAN 10300,Unknown
SPAN 20100,Unknown
SPAN 20200,Unknown
SPAN 20300,Unknown
SPAN 20400,Unknown
SPAN 20500,Unknown
SPAN 20402,Unknown
SPAN 20602,Unknown
SPAN 21100,Unknown
SPAN 21500,M. Santana
SPAN 21703,F. de Armas
SPAN 21803,M. Martínez
SPAN 21903,A. Lugo-Ortiz
SPAN 22003,L. Gandolfi
SPAN 22310,A. Lugo-Ortiz
SPAN 22314,M. L. Tenorio
SPAN 24220,F. de Armas and T. Pavel
SPAN 24801,M. Santana
SPAN 27513,M. McCarron
SPAN 29700,Unknown
SPAN 29900,Unknown
HIST 13900,E. Gilburd
HIST 14000,E. Gilburd
PLSC 28100,S. Markus
RUSS 10100,Staff
RUSS 10200,Staff
RUSS 10300,Staff
RUSS 10400,Unknown
RUSS 10500,Unknown
RUSS 10600,Unknown
RUSS 20100,Unknown
RUSS 20200,Unknown
RUSS 20300,Unknown
RUSS 20400,Unknown
RUSS 20500,Unknown
RUSS 20600,Unknown
RUSS 20702,V. Pichugin
RUSS 20802,V. Pichugin
RUSS 20902,V. Pichugin
RUSS 21002,STAFF
RUSS 21102,STAFF
RUSS 21202,STAFF
RUSS 21302,V. Pichugin
RUSS 21402,V. Pichugin
RUSS 21502,V. Pichugin
RUSS 21600,Unknown
RUSS 23900,M. Sternstein
RUSS 24101,Daria Khitrova
RUSS 25500,Unknown
RUSS 25600,Unknown
RUSS 25700,Unknown
RUSS 26105,R. Bird
RUSS 26205,W. Nickell
RUSS 26206,W. Nickell
SLAV 22000,Y. Gorbachov
SLAV 22302,Boris Maslov
SLAV 22303,Boris Maslov
SOSC 29700,Unknown
SOSC 29900,Unknown
BCSN 10100,N. Petkovic
BCSN 10200,N. Petkovic
BCSN 10300,N. Petkovic
BCSN 20100,N. Petkovic
BCSN 20200,N. Petkovic
BCSN 20300,N. Petkovic
BCSN 29700,Unknown
CZEC 10100,Unknown
CZEC 10200,Unknown
CZEC 10300,Unknown
CZEC 20100,Unknown
CZEC 20200,Unknown
CZEC 20300,Unknown
CZEC 29700,Unknown
CZEC 29900,Unknown
EEUR 20900,Victor Friedman
EEUR 21000,V. Friedman
EEUR 21100,H. Haroutunian
EEUR 21200,H. Haroutunian
EEUR 21300,H. Haroutunian
EEUR 23400,K. Arik
EEUR 29301,Malynne Sternstein
SLAV 20100,Y. Gorbachov
SLAV 20600,Victor Friedman and Lenore Grenoble
SLAV 23000,V. Friedman
SLAV 23510,D. Diner
SLAV 24411,K. Tucker
SLAV 26500,A. Janco
SLAV 29700,Unknown
SLAV 29900,Unknown
GEOR 22100,Tamra Wysocki-Niimi
GEOR 22200,Tamra Wysocki-Niimi
GEOR 22300,Tamra Wysocki-Niimi
GEOR 22400,Tamra Wysocki-Niimi
GEOR 22500,Tamra Wysocki-Niimi
GEOR 22600,Tamra Wysocki-Niimi
POLI 10100,Unknown
POLI 10200,Unknown
POLI 10300,Unknown
POLI 20100,Unknown
POLI 20200,Unknown
POLI 20300,Unknown
POLI 20500,Unknown
POLI 20600,Unknown
POLI 20700,Unknown
POLI 22400,Kinga Kosmala
POLI 22410,Kinga Kosmala
POLI 24100,Kinga Kosmala
POLI 24200,Kinga Kosmala
POLI 24300,Kinga Kosmala
POLI 25301,Bozena Shallcross
POLI 29700,Unknown
POLI 29900,Unknown
RUSS 10100,Staff
RUSS 10200,Staff
RUSS 10300,Staff
RUSS 10400,Unknown
RUSS 10500,Unknown
RUSS 10600,Unknown
RUSS 20100,Unknown
RUSS 20200,Unknown
RUSS 20300,Unknown
RUSS 20400,Unknown
RUSS 20500,Unknown
RUSS 20600,Unknown
RUSS 20702,V. Pichugin
RUSS 20802,V. Pichugin
RUSS 20902,V. Pichugin
RUSS 21002,STAFF
RUSS 21102,STAFF
RUSS 21202,STAFF
RUSS 21302,V. Pichugin
RUSS 21402,V. Pichugin
RUSS 21502,V. Pichugin
RUSS 21600,Unknown
RUSS 22302,W. Nickell
RUSS 25100,E. Gilburd
RUSS 25200,E. Gilburd
RUSS 25500,Unknown
RUSS 25502,W. Nickell
RUSS 25600,Unknown
RUSS 26208,William Nickell
RUSS 27300,A. Ilieva
RUSS 29600,Malynne Sternstein
RUSS 29700,Unknown
RUSS 29900,Unknown
SOSL 21700,V. Friedman
SOSL 26610,"V. Friedman, A. Ilieva"
SOSL 26800,A. Ilieva
SOSL 27200,A. Ilieva
SOSL 27300,A. Ilieva
SOSL 27601,Angelina Ilieva
SOSL 27700,A. Ilieva
SOSL 29700,Unknown
SOSL 29900,Unknown
SOSC 11100,"G. Herrigel, Staff"
SOSC 11200,"G. Herrigel, Staff"
SOSC 11300,"G. Herrigel, Staff"
SOSC 12100,"M. Postone, Staff"
SOSC 12200,"M. Postone, Staff"
SOSC 12300,"M. Postone, Staff"
SOSC 13100,"E. Oliver, Staff"
SOSC 13200,"E. Oliver, Staff"
SOSC 13300,"E. Oliver, Staff"
SOSC 14100,"D. Gallo, Staff"
SOSC 14200,"D. Gallo, Staff"
SOSC 14300,"D. Gallo, Staff"
SOSC 15100,"N. Tarcov, Staff"
SOSC 15200,"S. Muthu, Staff"
SOSC 15300,"J. Pitts, Staff"
SOSC 02980,D. Spatz
SOSC 20200,M. Van Haitsma
SOSC 21100,A. Robertson
SOSC 21200,Unknown
SOSC 22000,T. Qutbuddin
SOSC 22100,F. Lewis
SOSC 22200,O. Bashkin
SOSC 23000,M. Alam
SOSC 23100,D. Chakrabarty
SOSC 23500,"K. Pomeranz, Autumn; Staff, Summer"
SOSC 23600,"J. Ketelaar, Winter; Staff, Summer"
SOSC 23700,K-H. Choi
SOSC 23801,M. Bradley
SOSC 24000,E. Gilburd
SOSC 24100,E. Gilburd
SOSC 24001,Unknown
SOSC 24002,Unknown
SOSC 24003,Unknown
SOSC 25100,F. Stuart
SOSC 26100,"R. Granados-Salinas, R. Gutiérrez"
SOSC 26200,M. Tenorio
SOSC 26300,D. Borges
SOSC 26900,J. Malamy
SOSC 28200,"N. Atkinson, Autumn; J. Cole, Spring"
SOSC 28300,Kristen Schilt
SOSC 29500,Unknown
SOSC 29700,Unknown
SOSC 29900,Unknown
SOSC 34500,M. Fred
SOSC 34600,M. Fred
SOSC 39000,M. Fred
SOCI 20001,C.S. Lee
SOCI 20002,M. Garrido
SOCI 20004,Staff
SOCI 20005,J. Martin
SOCI 20101,E. Laumann
SOCI 20102,"C. Lee, D. Zhao"
SOCI 20103,R. Stolzenberg
SOCI 20104,F. Stuart
SOCI 20105,"C. Bidwell, S. Stoelinga"
SOCI 20106,E. Clemens
SOCI 20107,E. Laumann
SOCI 20111,J. Davis
SOCI 20118,M. Van Haitsma
SOCI 20123,L.  Waite
SOCI 20140,O. McRoberts
SOCI 20150,K. Knorr Cetina
SOCI 20157,K. Yamaguchi
SOCI 20175,K. Schilt
SOCI 20179,R. Stolzenberg
SOCI 20191,R. Stolzenberg
SOCI 20192,R. Stolzenberg
SOCI 20208,J. Evans
SOCI 20215,K. Cagney
SOCI 20219,F. Stuart
SOCI 20221,F. Stuart
SOCI 20222,E. Clemens
SOCI 20226,S. Stoelinga
SOCI 20233,S. Hicks-Bartlett
SOCI 28062,S. Perry
SOCI 28063,"Zhang, Yang"
SOCI 28064,"Ocobock, Abigail"
SOCI 29997,Unknown
SOCI 29998,Unknown
SOCI 29999,Unknown
MALA 10100,N. Kommattam
MALA 10200,N. Kommattam
MALA 10300,N. Kommattam
MALA 20100,N. Kommattam
MALA 20200,N. Kommattam
MALA 20300,N. Kommattam
TLGU 10100,Unknown
TLGU 10200,Unknown
TLGU 10300,Unknown
TLGU 20100,Unknown
TLGU 20200,Unknown
TLGU 20300,Unknown
BANG 10100,M. Bhaduri
BANG 10200,M. Bhaduri
BANG 10300,M. Bhaduri
BANG 20100,M. Bhaduri
BANG 20200,M. Bhaduri
BANG 20300,M. Bhaduri
HIND 10100,J. Grunebaum
HIND 10200,J. Grunebaum
HIND 10300,J. Grunebaum
HIND 20100,J. Grunebaum
HIND 20200,Staff
HIND 20300,J. Grunebaum
MARA 10100,P. Engblom
MARA 10200,P. Engblom
MARA 10300,P. Engblom
MARA 20100,P. Engblom
MARA 20200,P. Engblom
MARA 20300,P. Engblom
PALI 10100,S. Collins
PALI 10200,S. Collins
PALI 10300,S. Collins
PALI 20100,S. Collins
PALI 20200,S. Collins
PALI 20300,S. Collins
SANS 10100,W. Cox
SANS 10200,W. Cox
SANS 10300,G. Tubb
SANS 20100,Staff
SANS 20200, W. Doniger
SANS 20300,G. Tubb
SALC 20100,M. Alam
SALC 20200,D. Chakrabarty
SALC 20400,W. Doniger
SALC 20508,R. Majumdar
SALC 20702,Unknown
SALC 20800,Unknown
SALC 20900,W. Mazzarella
SALC 20901,D. Arnold
SALC 20902,M. Kapstein
SALC 22900,W. T. S. Mazzarella
SALC 23103,R. Majumdar
SALC 25300,Ilanit Loewy Shacham
SALC 25302,M. Jayanth
SALC 25701,Unknown
SALC 25704,C. Preston
SALC 27300,A. Mangalagiri
SALC 29800,Unknown
SALC 29801,Unknown
SALC 29802,Unknown
SALC 29900,Unknown
SALC 29901,Unknown
SALC 29902,Unknown
TAML 10100,E. Annamalai
TAML 10200,E. Annamalai
TAML 10300,E. Annamalai
TAML 20100,E. Annamalai
TAML 20200,E. Annamalai
TAML 20300,E. Annamalai
TBTN 10100,K. Ngodup
TBTN 10200,K. Ngodup
TBTN 10300,K. Ngodup
TBTN 20100,K. Ngodup
TBTN 20200,K. Ngodup
TBTN 20300,Staff
URDU 10100,E. Bashir
URDU 10200,E. Bashir
URDU 10300,E. Bashir
URDU 20100,E. Bashir
URDU 20200,E. Bashir
URDU 20300,E. Bashir
STAT 20000,Unknown
STAT 22000,Unknown
STAT 22200,Unknown
STAT 22400,Unknown
STAT 22600,Unknown
STAT 22700,TBN
STAT 23400,Unknown
STAT 24300,Unknown
STAT 24400,Unknown
STAT 24500,Unknown
STAT 24610,Unknown
STAT 25100,Unknown
STAT 25300,Unknown
STAT 26100,Unknown
STAT 26700,S. Stigler
STAT 27400,Unknown
STAT 27725,R. Kondor
STAT 28000,Unknown
STAT 29700,Unknown
STAT 29900,Unknown
TAPS 10100,"D. New, P. Pascoe, S.Bockley, M. Gawyrk, S. Murray"
TAPS 10200,"D. New, P. Pascoe, C. Sullivan, H.Kays"
TAPS 10300,"H. Coleman, D. Levin, L. Kruger, P. Pascoe, S.Bockley"
TAPS 10500,H. Coleman
TAPS 10600,H. Coleman
TAPS 10700,"M. Gawryk, J. Wardell"
TAPS 15000,Staff
TAPS 15500,J. Petrakis
TAPS 18600,J. Wardell
TAPS 20100,H. Coleman
TAPS 21600,A. Francis
TAPS 22100,Staff
TAPS 23000,Staff
TAPS 23100,Staff
TAPS 23500,Actor's Gymnasium
TAPS 23600,S. Messing
TAPS 23700,E. Linder
TAPS 23800,E. Linder
TAPS 23900,E. Linder
TAPS 24000,"H. Coleman, J. Wardell, M. Gawryk"
TAPS 24500,H. Coleman
TAPS 25200,G. Allen
TAPS 25500,J. Petrakis
TAPS 26000,J. Rhoads
TAPS 26100,J. Rhoads
TAPS 27100,J. Wardell
TAPS 27550,N. Rohrer
TAPS 27800,"R. Bodeen, M. Milburn"
TAPS 27900,D. Wolf
TAPS 28000,J. Wardell
TAPS 28100,M. Gawryk
TAPS 28200,A. Danzig
TAPS 28400,D. Bevington
TAPS 28401,D. Bevington
TAPS 28414,W. Pope.L
TAPS 28417,"David Levin, Saar Magal"
TAPS 28429,"C. Sullivan, S. Griffin, G. Lewis"
TAPS 28438,L. Kruger
TAPS 28442,C. Wild
TAPS 28443,H. Givler
TAPS 28444,Unknown
TAPS 28445,Unknown
TAPS 28448,G. Oppenheimer
TAPS 28452,M. Browning
TAPS 28454,J. Zeitlin
TAPS 28472,A. Akavia
TAPS 28500,Unknown
TAPS 28600,Unknown
TAPS 28700,Unknown
TAPS 28800,Unknown
TAPS 28900,Unknown
TAPS 29000,Unknown
TAPS 29100,Unknown
TAPS 29200,Unknown
TAPS 29300,Staff
TAPS 29500,H. Coleman
TAPS 29800,Unknown
ARTV 10100,Unknown
ARTV 10200,Unknown
ARTV 10300,Unknown
ARTV 15000,"Z. Cahill, S. Huffman."
ARTV 21001,K. Desjardins
ARTV 21501,K. Desjardins
ARTV 21700,D. Schutter
ARTV 21900,S. Wolniak
ARTV 22000,K. Desjardins
ARTV 22002,K. Desjardins
ARTV 22306,A. Ginsburg
ARTV 22308,A. Ginsburg
ARTV 22500,J. Salavon
ARTV 22502,J. Salavon
ARTV 23801,S. Wolniak
ARTV 23804,S. Wolniak
ARTV 23848,K. Pandian
ARTV 23900,S. Wolniak
ARTV 23904,J. Hoffman
ARTV 23905,Judy Hoffman
ARTV 23920,S. Wolniak
ARTV 24000,"S. Huffman, L. Letinsky"
ARTV 24112,G. Oppenheimer
ARTV 24113,"B. Callender, C. Sullivan"
ARTV 24210,K. Desjardins
ARTV 24301,W. Pope.L
ARTV 24405,S. Huffman
ARTV 24406,L. Letinsky
ARTV 24550,D. Wolf
ARTV 24553,H. Givler
ARTV 25300,"Y. Tsivian, Staff"
ARTV 26000,T. Burch
ARTV 26201,"D. N. Rodowick, V. Burgin"
ARTV 26214,G. Oppenheimer
ARTV 26500,T. Gunning
ARTV 26600,T. Gunning
ARTV 26750,J. Hoffman
ARTV 27200,"K. Desjardins, D. Schutter"
ARTV 29600,"S. Wolniak, A. Ginsburg"
ARTV 29700,Unknown
ARTV 29850,K. Desjardins
ARTV 29900,L. Letinsky
