ANTH 20100,Unknown
ANTH 20405,Autumn
ANTH 20535,Summer
ANTH 20701,Winter
ANTH 20702,Spring
ANTH 21015,Summer
ANTH 21102,Unknown
ANTH 21107,Unknown
ANTH 21201,Spring
ANTH 21217,Unknown
ANTH 21225,Unknown
ANTH 21230,Autumn
ANTH 21251,Unknown
ANTH 21254,Unknown
ANTH 21255,Unknown
ANTH 21264,Unknown
ANTH 21265,Winter
ANTH 21303,Winter
ANTH 21305,Spring
ANTH 21322,Spring
ANTH 21401,Unknown
ANTH 21406,Unknown
ANTH 21420,Spring
ANTH 21610,Winter
ANTH 21725,Unknown
ANTH 22000,Unknown
ANTH 22105,Unknown
ANTH 22123,Unknown
ANTH 22125,Unknown
ANTH 22130,Unknown
ANTH 22150,Spring
ANTH 22205,Unknown
ANTH 22400,Unknown
ANTH 22530,Unknown
ANTH 22535,Unknown
ANTH 22606,Unknown
ANTH 22609,Unknown
ANTH 22710,Unknown
ANTH 22715,Unknown
ANTH 22910,Unknown
ANTH 23101,Autumn
ANTH 23102,Winter
ANTH 23103,Spring
ANTH 23600,Unknown
ANTH 23620,Unknown
ANTH 23630,Winter
ANTH 23715,Unknown
ANTH 23805,Spring
ANTH 24001,Autumn
ANTH 24002,Winter
ANTH 24003,Spring
ANTH 24101,Winter
ANTH 24102,Spring
ANTH 24315,Winter
ANTH 24320,Autumn
ANTH 24511,Winter
ANTH 24512,Spring
ANTH 24705,Unknown
ANTH 24800,Unknown
ANTH 25103,Winter
ANTH 25116,Winter
ANTH 25117,Winter
ANTH 25200,Unknown
ANTH 25305,Autumn
ANTH 25310,Unknown
ANTH 25325,Unknown
ANTH 25401,Autumn
ANTH 25410,Unknown
ANTH 25500,Unknown
ANTH 25510,Unknown
ANTH 25900,Unknown
ANTH 25905,Spring
ANTH 26020,Unknown
ANTH 26315,Unknown
ANTH 26320,Unknown
ANTH 26325,Unknown
ANTH 26505,Winter
ANTH 26710,Autumn
ANTH 26711,Winter
ANTH 26715,Unknown
ANTH 26830,Unknown
ANTH 26900,Unknown
ANTH 27130,Unknown
ANTH 27135,Autumn
ANTH 27300,Unknown
ANTH 27305,Spring
ANTH 27400,Winter
ANTH 27505,Unknown
ANTH 27510,Unknown
ANTH 27605,Spring
ANTH 27700,Winter
ANTH 27705,Spring
ANTH 28010,Spring
ANTH 28100,Winter
ANTH 28200,Spring
ANTH 28210,Unknown
ANTH 28300,Unknown
ANTH 28400,Winter
ANTH 28420,Unknown
ANTH 28510,Spring
ANTH 28600,Unknown
ANTH 28702,Unknown
ANTH 29105,Unknown
ANTH 29500,Unknown
ANTH 29700,Unknown
ANTH 29900,Unknown
ANTH 29910,Winter
ARTH 10100,Unknown
ARTH 14107,Spring
ARTH 14115,Autumn
ARTH 14215,Winter
ARTH 14505,Winter
ARTH 14700,Autumn
ARTH 15600,Unknown
ARTH 16100,Spring
ARTH 16211,Winter
ARTH 16460,Autumn
ARTH 16800,Autumn
ARTH 16809,Winter
ARTH 17015,Autumn
ARTH 17400,Spring
ARTH 17410,Autumn
ARTH 17612,Autumn
ARTH 17700,Autumn
ARTH 17735,Winter
ARTH 18000,Spring
ARTH 18202,Winter
ARTH 21202,Autumn
ARTH 21205,Winter
ARTH 21415,Autumn
ARTH 22550,Autumn
ARTH 22808,Spring
ARTH 23113,Winter
ARTH 23400,Winter
ARTH 23603,Winter
ARTH 24812,Autumn
ARTH 26201,Spring
ARTH 26301,Autumn
ARTH 26400,Spring
ARTH 26707,Autumn
ARTH 26803,Autumn
ARTH 27215,Spring
ARTH 27304,Winter
ARTH 27808,Spring
ARTH 28204,Spring
ARTH 29600,Winter
ARTH 29700,Unknown
ARTH 29704,Spring
ARTH 29800,Autumn
ARTH 29900,Unknown
ASTR 18100,Autumn
ASTR 18200,Winter
ASTR 18300,Unknown
ASTR 20000,Unknown
ASTR 21300,Winter
ASTR 23000,Unknown
ASTR 24100,Autumn
ASTR 24200,Winter
ASTR 28200,Spring
ASTR 29700,Unknown
PHSC 11900,Unknown
PHSC 12000,Unknown
PHYS 29100,Autumn
PHYS 29200,Winter
PHYS 29300,Spring
BPRO 21500,Unknown
BPRO 22200,Unknown
BPRO 22300,Unknown
BPRO 22400,Unknown
BPRO 22600,Unknown
BPRO 22610,Unknown
BPRO 22800,Unknown
BPRO 23000,Unknown
BPRO 23400,Unknown
BPRO 23500,Unknown
BPRO 23600,Unknown
BPRO 23760,Unknown
BPRO 23800,Unknown
BPRO 23900,Unknown
BPRO 24000,Autumn
BPRO 24100,Unknown
BPRO 24150,Unknown
BPRO 24160,Unknown
BPRO 24200,Unknown
BPRO 24300,Unknown
BPRO 24400,Unknown
BPRO 24500,Unknown
BPRO 24600,Unknown
BPRO 24700,Unknown
BPRO 24800,Unknown
BPRO 24900,Unknown
BPRO 25000,Unknown
BPRO 25100,Unknown
BPRO 25200,Unknown
BPRO 25300,Unknown
BPRO 26050,Unknown
BPRO 26101,Unknown
BPRO 26400,Unknown
BPRO 26500,Unknown
BPRO 26600,Unknown
BPRO 26700,Unknown
BPRO 27000,Unknown
BPRO 27600,Unknown
BPRO 28000,Unknown
BPRO 28100,Unknown
BPRO 28500,Unknown
BPRO 28600,Winter
BPRO 29000,Autumn
BPRO 29100,Unknown
BIOS 10130,Unknown
BIOS 10450,Winter
BIOS 10451,Spring
BIOS 10500,Winter
BIOS 10501,Spring
BIOS 10602,Autumn
BIOS 10603,Winter
BIOS 11119,Autumn
BIOS 11125,Winter
BIOS 11128,Spring
BIOS 11129,Spring
BIOS 11140,Unknown
BIOS 12107,Autumn
BIOS 12114,Unknown
BIOS 12115,Spring
BIOS 12116,Autumn
BIOS 12117,Winter
BIOS 12118,Autumn
BIOS 13107,Winter
BIOS 13111,Spring
BIOS 13112,Spring
BIOS 13115,Winter
BIOS 13123,Autumn
BIOS 13125,Summer
BIOS 13126,Winter
BIOS 13128,Winter
BIOS 13131,Autumn
BIOS 13140,Unknown
BIOS 14112,Unknown
BIOS 14114,Autumn
BIOS 15106,Winter
BIOS 15115,Unknown
BIOS 15119,Winter
BIOS 20150,Spring
BIOS 20151,Spring
BIOS 20152,Unknown
BIOS 20170,Winter
BIOS 20171,Spring
BIOS 20172,Spring
BIOS 20173,Autumn
BIOS 20175,Winter
BIOS 20186,Autumn
BIOS 20187,Winter
BIOS 20188,Spring
BIOS 20189,Spring
BIOS 20190,Autumn
BIOS 20191,Winter
BIOS 20196,Autumn
BIOS 20197,Winter
BIOS 20198,Spring
BIOS 20234,Autumn
BIOS 20235,Winter
BIOS 20236,Spring
BIOS 20242,Autumn
BIOS 20200,Unknown
BIOS 21206,Winter
BIOS 21207,Spring
BIOS 21208,Winter
BIOS 21216,Winter
BIOS 21229,Winter
BIOS 21236,Autumn
BIOS 21237,Winter
BIOS 21249,Spring
BIOS 21306,Autumn
BIOS 21317,Spring
BIOS 21328,Spring
BIOS 21338,Spring
BIOS 21346,Spring
BIOS 21349,Winter
BIOS 21356,Spring
BIOS 21357,Spring
BIOS 21358,Spring
BIOS 21407,Spring
BIOS 21409,Spring
BIOS 21410,Winter
BIOS 21415,Winter
BIOS 21416,Autumn
BIOS 21417,Spring
BIOS 22226,Winter
BIOS 22233,Winter
BIOS 22236,Spring
BIOS 22242,Winter
BIOS 22243,Winter
BIOS 22244,Winter
BIOS 22247,Winter
BIOS 22249,Autumn
BIOS 22250,Spring
BIOS 22260,Spring
BIOS 22306,Autumn
BIOS 23100,Spring
BIOS 23232,Spring
BIOS 23233,Spring
BIOS 23247,Winter
BIOS 23248,Autumn
BIOS 23249,Winter
BIOS 23252,Spring
BIOS 23253,Unknown
BIOS 23254,Spring
BIOS 23258,Winter
BIOS 23261,Autumn
BIOS 23262,Autumn
BIOS 23266,Autumn
BIOS 23281,Winter
BIOS 23286,Spring
BIOS 23289,Winter
BIOS 23299,Spring
BIOS 23404,Autumn
BIOS 23406,Winter
BIOS 23409,Autumn
BIOS 23410,Spring
BIOS 23411,Winter
BIOS 24203,Autumn
BIOS 24204,Winter
BIOS 24205,Spring
BIOS 24206,Autumn
BIOS 24208,Autumn
BIOS 24209,Autumn
BIOS 24217,Winter
BIOS 24218,Spring
BIOS 24231,Winter
BIOS 24232,Spring
BIOS 24239,Spring
BIOS 24246,Winter
BIOS 24247,Spring
BIOS 24408,Spring
BIOS 25108,Winter
BIOS 25109,Spring
BIOS 25126,Spring
BIOS 25129,Spring
BIOS 25206,Autumn
BIOS 25216,Winter
BIOS 25226,Autumn
BIOS 25227,Winter
BIOS 25228,Spring
BIOS 25256,Autumn
BIOS 25258,Winter
BIOS 25260,Autumn
BIOS 25266,Spring
BIOS 25287,Spring
BIOS 25308,Spring
BIOS 25309,Autumn
BIOS 25310,Spring
BIOS 25320,Winter
BIOS 25407,Winter
BIOS 25419,Spring
BIOS 26120,Autumn
BIOS 26210,Autumn
BIOS 26211,Winter
BIOS 27700,Spring
BIOS 28407,Spring
BIOS 02280,Unknown
BIOS 02490,Unknown
BIOS 29100,Unknown
BIOS 29270,Spring
BIOS 29279,Winter
BIOS 29280,Spring
BIOS 29286,Unknown
BIOS 29294,Winter
BIOS 29300,Winter
BIOS 29313,Unknown
BIOS 29317,Winter
BIOS 29318,Autumn
BIOS 29319,Unknown
BIOS 29321,Spring
BIOS 29323,Winter
BIOS 29324,Unknown
BIOS 29326,Spring
BIOS 00199,Unknown
BIOS 00206,Unknown
BIOS 00289,Summer
BIOS 00290,Autumn
BIOS 00291,Winter
BIOS 00292,Spring
BIOS 00295,Summer
BIOS 00296,Unknown
BIOS 00299,Unknown
CHEM 00111,Autumn
CHEM 00112,Winter
CHEM 00113,Spring
CHEM 00220,Autumn
CHEM 00221,Winter
CHEM 00222,Spring
CHEM 10100,Autumn
CHEM 10200,Winter
CHEM 11300,Spring
CHEM 11100,Autumn
CHEM 11200,Winter
CHEM 11300,Spring
CHEM 12100,Autumn
CHEM 12200,Winter
CHEM 12300,Spring
CHEM 20100,Winter
CHEM 20200,Spring
CHEM 22000,Autumn
CHEM 22100,Winter
CHEM 22200,Spring
CHEM 22700,Spring
CHEM 23000,Autumn
CHEM 23100,Winter
CHEM 23200,Spring
CHEM 23300,Autumn
CHEM 26100,Autumn
CHEM 26200,Winter
CHEM 26300,Spring
CHEM 26700,Winter
CHEM 26800,Spring
CHEM 29600,Unknown
CHEM 29900,Unknown
CHEM 30100,Autumn
CHEM 30200,Spring
CHEM 30400,Winter
CHEM 30500,Spring
CHEM 30600,Autumn
CHEM 30900,Spring
CHEM 31100,Unknown
CHEM 32100,Autumn
CHEM 32200,Autumn
CHEM 32300,Winter
CHEM 32400,Unknown
CHEM 32500,Unknown
CHEM 32900,Unknown
CHEM 33000,Unknown
CHEM 33100,Unknown
CHEM 33200,Winter
CHEM 33300,Spring
CHEM 33400,Unknown
CHEM 36100,Autumn
CHEM 36200,Winter
CHEM 36300,Autumn
CHEM 36400,Winter
CHEM 36500,Spring
CHEM 36800,Unknown
CHEM 36900,Unknown
CHEM 37100,Unknown
CHEM 37200,Unknown
CHEM 38700,Unknown
CHEM 51100,Unknown
ANTH 21201,Spring
ARTH 17400,Spring
ARTV 23930,Autumn
BPRO 21500,Unknown
CMST 21801,Spring
ECON 26600,Spring
ECON 28100,Spring
ENGL 22800,Winter
ENGL 25952,Autumn
ENGL 25953,Autumn
ENST 27300,Spring
GEOG 23500,Winter
GEOG 26100,Autumn
HIST 27705,Spring
HIST 29613,Autumn
PBPL 25405,Spring
PBPL 28501,Unknown
SOSC 25501,Autumn
SOSC 25502,Unknown
SOSC 25503,Spring
SOCI 20142,Winter
SOCI 20215,Spring
TAPS 24500,Spring
CMST 10100,Unknown
CMST 10300,Unknown
CMST 14503,Autumn
CMST 21020,Winter
CMST 21801,Spring
CMST 21810,Winter
CMST 23202,Winter
CMST 23404,Autumn
CMST 23904,Winter
CMST 23905,Unknown
CMST 23930,Autumn
CMST 23931,Winter
CMST 24106,Spring
CMST 24204,Spring
CMST 24400,Spring
CMST 24612,Winter
CMST 24620,Spring
CMST 24914,Spring
CMST 25204,Autumn
CMST 25215,Spring
CMST 25521,Spring
CMST 26302,Spring
CMST 26404,Winter
CMST 26610,Autumn
CMST 26810,Spring
CMST 27210,Autumn
CMST 27220,Autumn
CMST 27230,Winter
CMST 27600,Unknown
CMST 27810,Autumn
CMST 28005,Autumn
CMST 28100,Unknown
CMST 28500,Autumn
CMST 28600,Winter
CMST 28801,Spring
CMST 28903,Spring
CMST 29004,Spring
CMST 29700,Unknown
CMST 29800,Autumn
CMST 29900,Unknown
CRES 24001,Autumn
CRES 24002,Winter
CRES 24003,Spring
EALC 10800,Unknown
EALC 10900,Unknown
EALC 11000,Spring
EALC 15400,Unknown
GNSE 15002,Autumn
GNSE 15003,Winter
HIPS 17300,Unknown
HIPS 17400,Autumn
HIPS 17402,Winter
HIPS 17501,Unknown
HIPS 17502,Spring
HIPS 17503,Spring
HIST 10101,Winter
HIST 10102,Spring
HIST 13001,Unknown
HIST 13002,Unknown
HIST 13003,Spring
HIST 13100,Unknown
HIST 13200,Unknown
HIST 13300,Unknown
HIST 13500,Autumn
HIST 13600,Winter
HIST 13700,Spring
HIST 13900,Autumn
HIST 14000,Winter
HIST 16700,Autumn
HIST 16800,Winter
HIST 16900,Spring
JWSC 20001,Spring
JWSC 20002,Winter
JWSC 20003,Autumn
JWSC 20004,Autumn
JWSC 20005,Spring
JWSC 20006,Winter
LACS 16100,Autumn
LACS 16200,Winter
LACS 16300,Spring
MUSI 12100,Winter
MUSI 12200,Spring
NEHC 20001,Unknown
NEHC 20002,Unknown
NEHC 20003,Unknown
NEHC 20004,Autumn
NEHC 20005,Winter
NEHC 20006,Spring
NEHC 30004,Autumn
NEHC 20011,Autumn
NEHC 20012,Winter
NEHC 20013,Spring
NEHC 30011,Autumn
NEHC 20416,Unknown
NEHC 20417,Unknown
NEHC 20418,Unknown
NEHC 20501,Autumn
NEHC 20502,Winter
NEHC 20503,Spring
NEHC 30501,Autumn
NEHC 20601,Autumn
NEHC 20602,Winter
NEHC 20603,Spring
NEHC 30601,Autumn
NEHC 30602,Winter
NEHC 30603,Spring
SALC 20100,Winter
SALC 20200,Spring
CLCV 14113,Winter
CLCV 20200,Autumn
CLCV 20700,Autumn
CLCV 20800,Winter
CLCV 20900,Spring
CLCV 21200,Autumn
CLCV 21415,Autumn
CLCV 21700,Winter
CLCV 21807,Spring
CLCV 21812,Autumn
CLCV 22114,Winter
CLCV 22314,Winter
CLCV 22514,Autumn
CLCV 22700,Autumn
CLCV 23514,Spring
CLCV 23915,Winter
CLCV 24113,Spring
CLCV 24115,Autumn
CLCV 24215,Winter
CLCV 24306,Autumn
CLCV 24307,Spring
CLCV 24506,Autumn
CLCV 24508,Spring
CLCV 24914,Winter
CLCV 25510,Autumn
CLCV 25700,Autumn
CLCV 25800,Winter
CLCV 25900,Spring
CLCV 26514,Autumn
CLCV 26914,Spring
CLCV 27514,Autumn
CLCV 27714,Spring
CLCV 28300,Spring
CLCV 29113,Spring
CLCV 29700,Unknown
CLCV 29800,Unknown
GREK 10100,Autumn
GREK 10200,Winter
GREK 10300,Spring
GREK 11100,Autumn
GREK 11200,Winter
GREK 11300,Spring
GREK 20100,Autumn
GREK 20200,Winter
GREK 20300,Spring
GREK 21100,Unknown
GREK 21200,Unknown
GREK 21300,Unknown
GREK 21700,Unknown
GREK 21800,Unknown
GREK 21900,Unknown
GREK 22314,Spring
GREK 22400,Autumn
GREK 22500,Winter
GREK 26100,Winter
GREK 27100,Spring
GREK 29700,Unknown
LATN 10100,Autumn
LATN 10200,Winter
LATN 10300,Spring
LATN 11100,Autumn
LATN 11200,Winter
LATN 11300,Spring
LATN 20100,Autumn
LATN 20200,Winter
LATN 20300,Spring
LATN 21100,Unknown
LATN 21200,Unknown
LATN 21300,Unknown
LATN 21700,Unknown
LATN 21800,Unknown
LATN 21900,Unknown
LATN 22100,Winter
LATN 22200,Spring
LATN 22300,Autumn
LATN 22400,Unknown
LATN 25000,Winter
LATN 26513,Spring
LATN 28614,Winter
LATN 29700,Unknown
CHDV 20000,Autumn
CHDV 20100,Winter
CHDV 20101,Spring
CHDV 20129,Winter
CHDV 20150,Autumn
CHDV 20206,Winter
CHDV 20207,Autumn
CHDV 20209,Winter
CHDV 20304,Winter
CHDV 20305,Autumn
CHDV 20400,Autumn
CHDV 20405,Spring
CHDV 21000,Autumn
CHDV 21401,Spring
CHDV 21500,Winter
CHDV 21800,Autumn
CHDV 21901,Spring
CHDV 22212,Unknown
CHDV 23204,Spring
CHDV 23249,Winter
CHDV 23301,Winter
CHDV 23620,Unknown
CHDV 23900,Winter
CHDV 24402,Spring
CHDV 25116,Winter
CHDV 25120,Spring
CHDV 25900,Spring
CHDV 26000,Winter
CHDV 26226,Unknown
CHDV 26227,Unknown
CHDV 26228,Unknown
CHDV 26232,Winter
CHDV 26233,Autumn
CHDV 26235,Winter
CHDV 26303,Spring
CHDV 26310,Winter
CHDV 27317,Autumn
CHDV 27700,Autumn
CHDV 27821,Autumn
CHDV 27901,Autumn
CHDV 27902,Winter
CHDV 27903,Spring
CHDV 27950,Winter
CHDV 29301,Spring
CHDV 29700,Unknown
CHDV 29800,Spring
CHDV 29900,Unknown
CMLT 20500,Autumn
CMLT 20600,Winter
CMLT 21101,Unknown
CMLT 21202,Unknown
CMLT 22301,Spring
CMLT 22400,Autumn
CMLT 22500,Winter
CMLT 23201,Autumn
CMLT 23401,Winter
CMLT 23702,Unknown
CMLT 23901,Winter
CMLT 24220,Spring
CMLT 24250,Spring
CMLT 24270,Unknown
CMLT 24408,Winter
CMLT 25001,Autumn
CMLT 25009,Winter
CMLT 25010,Autumn
CMLT 25011,Spring
CMLT 25102,Unknown
CMLT 26014,Autumn
CMLT 26400,Autumn
CMLT 26600,Unknown
CMLT 26610,Autumn
CMLT 26700,Winter
CMLT 26701,Autumn
CMLT 27014,Winter
CMLT 27114,Autumn
CMLT 27402,Unknown
CMLT 27701,Spring
CMLT 28610,Winter
CMLT 28900,Winter
CMLT 29700,Unknown
CMLT 29801,Unknown
CRES 20005,Autumn
CRES 20206,Autumn
CRES 20701,Winter
CRES 20702,Winter
CRES 22205,Unknown
CRES 24201,Unknown
CRES 25701,Autumn
CRES 20104,Winter
CRES 21201,Spring
CRES 21806,Spring
CRES 21808,Spring
CRES 22150,Winter
CRES 24601,Spring
CRES 25102,Spring
CRES 25405,Spring
CRES 27301,Spring
CRES 27403,Winter
CRES 27705,Spring
CRES 10800,Unknown
CRES 10900,Unknown
CRES 11000,Spring
CRES 14400,Autumn
CRES 17602,Winter
CRES 21264,Unknown
CRES 24255,Spring
CRES 24706,Spring
CRES 27900,Spring
CRES 16101,Autumn
CRES 16102,Winter
CRES 16103,Spring
CRES 20400,Autumn
CRES 21903,Winter
CRES 22401,Autumn
CRES 24901,Winter
CRES 25102,Spring
CRES 27101,Spring
CRES 28000,Spring
CRES 29000,Spring
CRES 31900,Spring
CRES 36500,Winter
CRES 31800,Unknown
CRES 34501,Winter
CRES 34502,Spring
CRES 10200,Unknown
CRES 20001,Spring
CRES 20002,Winter
CRES 20104,Winter
CRES 20140,Spring
CRES 20173,Spring
CRES 20207,Autumn
CRES 21807,Spring
CRES 21903,Winter
CRES 22205,Unknown
CRES 23410,Winter
CRES 23833,Spring
CRES 24001,Autumn
CRES 24002,Winter
CRES 24003,Spring
CRES 24913,Spring
CRES 26201,Winter
CRES 26801,Spring
CRES 27317,Autumn
CRES 27400,Spring
CRES 27600,Unknown
CRES 27605,Autumn
CRES 28703,Winter
CRES 28807,Spring
CRES 29302,Winter
CRES 29626,Autumn
CRES 29800,Unknown
CRES 29900,Unknown
CRES 30173,Spring
CRES 37400,Spring
CRES 40110,Autumn
BIOS 24231,Winter
BIOS 24232,Spring
BIOS 24246,Winter
BIOS 24408,Spring
BIOS 26210,Autumn
BIOS 26211,Winter
CMSC 10100,Winter
CMSC 10200,Unknown
CMSC 10500,Winter
CMSC 10600,Spring
CMSC 11000,Spring
CMSC 11100,Unknown
CMSC 11710,Spring
CMSC 12100,Autumn
CMSC 12200,Winter
CMSC 12300,Spring
CMSC 15100,Unknown
CMSC 15200,Unknown
CMSC 15400,Spring
CMSC 16100,Autumn
CMSC 16200,Winter
CMSC 22001,Autumn
CMSC 22010,Autumn
CMSC 22100,Spring
CMSC 22200,Autumn
CMSC 22300,Spring
CMSC 22311,Spring
CMSC 22610,Winter
CMSC 22620,Spring
CMSC 22630,Autumn
CMSC 23000,Autumn
CMSC 23010,Winter
CMSC 23200,Autumn
CMSC 23300,Winter
CMSC 23310,Spring
CMSC 23340,Unknown
CMSC 23400,Winter
CMSC 23500,Spring
CMSC 23700,Winter
CMSC 23710,Winter
CMSC 23800,Spring
CMSC 25020,Spring
CMSC 25025,Spring
CMSC 25050,Unknown
CMSC 25400,Winter
CMSC 27100,Autumn
CMSC 27200,Winter
CMSC 27410,Spring
CMSC 27500,Spring
CMSC 27610,Spring
CMSC 27700,Autumn
CMSC 27800,Winter
CMSC 28000,Winter
CMSC 28100,Spring
CMSC 28501,Unknown
CMSC 28510,Autumn
CMSC 29700,Unknown
CMSC 29900,Unknown
CRWR 10200,Unknown
CRWR 10300,Unknown
CRWR 10400,Unknown
CRWR 12000,Unknown
CRWR 12101,Autumn
CRWR 12104,Spring
CRWR 13000,Unknown
CRWR 13006,Spring
CRWR 14000,Unknown
CRWR 22100,Unknown
CRWR 23100,Unknown
CRWR 24100,Unknown
CRWR 28200,Autumn
CRWR 29200,Winter
CRWR 29300,Winter
CRWR 29400,Winter
CHIN 10100,Autumn
CHIN 10200,Winter
CHIN 10300,Spring
CHIN 11100,Autumn
CHIN 11200,Winter
CHIN 11300,Spring
CHIN 20100,Autumn
CHIN 20200,Winter
CHIN 20300,Spring
CHIN 20401,Autumn
CHIN 20402,Winter
CHIN 20403,Spring
CHIN 20501,Autumn
CHIN 20502,Winter
CHIN 20503,Spring
CHIN 20508,Autumn
CHIN 20509,Unknown
CHIN 20510,Unknown
CHIN 20601,Autumn
CHIN 20602,Winter
CHIN 20603,Winter
CHIN 20701,Autumn
CHIN 20702,Winter
CHIN 20703,Spring
CHIN 20800,Autumn
CHIN 20900,Winter
CHIN 21000,Spring
CHIN 21100,Autumn
CHIN 21200,Winter
CHIN 21300,Spring
JAPN 10100,Autumn
JAPN 10200,Winter
JAPN 10300,Spring
JAPN 19000,Autumn
JAPN 20100,Autumn
JAPN 20200,Winter
JAPN 20300,Spring
JAPN 20401,Autumn
JAPN 20402,Winter
JAPN 20403,Spring
JAPN 20500,Autumn
JAPN 20600,Winter
JAPN 20700,Spring
JAPN 21200,Winter
JAPN 21300,Spring
KORE 10100,Autumn
KORE 10200,Winter
KORE 10300,Spring
KORE 20100,Autumn
KORE 20200,Winter
KORE 20300,Spring
KORE 20401,Autumn
KORE 20402,Winter
KORE 20403,Spring
KORE 22100,Autumn
KORE 22200,Winter
KORE 22300,Spring
EALC 10800,Unknown
EALC 10900,Unknown
EALC 11000,Spring
EALC 15400,Unknown
EALC 16100,Spring
EALC 16600,Spring
EALC 16806,Autumn
EALC 19000,Spring
EALC 19001,Autumn
EALC 19025,Spring
EALC 19800,Autumn
EALC 19909,Winter
EALC 22031,Spring
EALC 22322,Spring
EALC 22500,Winter
EALC 24312,Spring
EALC 24500,Winter
EALC 24608,Winter
EALC 24803,Winter
EALC 24808,Autumn
EALC 24930,Spring
EALC 24950,Autumn
EALC 25009,Winter
EALC 25600,Spring
EALC 26001,Autumn
EALC 26300,Spring
EALC 26601,Spring
EALC 26613,Spring
EALC 26707,Autumn
EALC 27014,Winter
EALC 27105,Winter
EALC 27420,Spring
EALC 29500,Autumn
EALC 29600,Winter
EALC 29704,Spring
ECON 17800,Winter
ECON 19800,Unknown
ECON 19900,Winter
ECON 20000,Unknown
ECON 20100,Unknown
ECON 20200,Unknown
ECON 20300,Unknown
ECON 20010,Unknown
ECON 20110,Unknown
ECON 20210,Unknown
ECON 20310,Unknown
ECON 20700,Spring
ECON 20710,Autumn
ECON 20740,Spring
ECON 20800,Winter
ECON 20900,Unknown
ECON 21000,Unknown
ECON 21100,Spring
ECON 21200,Spring
ECON 21350,Spring
ECON 21400,Spring
ECON 21410,Spring
ECON 21800,Spring
ECON 22200,Winter
ECON 22600,Autumn
ECON 22650,Winter
ECON 23000,Winter
ECON 23200,Unknown
ECON 23210,Spring
ECON 24000,Winter
ECON 24400,Winter
ECON 24500,Winter
ECON 25000,Unknown
ECON 25100,Spring
ECON 25620,Spring
ECON 26010,Spring
ECON 26530,Winter
ECON 26540,Spring
ECON 26600,Spring
ECON 26700,Spring
ECON 26800,Autumn
ECON 27300,Spring
ECON 28000,Winter
ECON 28020,Spring
ECON 28100,Spring
ECON 28600,Autumn
ECON 28700,Winter
ECON 29700,Unknown
ECON 29800,Unknown
SOSC 25501,Autumn
SOSC 25502,Unknown
SOSC 25503,Spring
CHDV 20209,Winter
ECON 26700,Spring
PSYC 20500,Spring
PSYC 23200,Winter
PBPL 25405,Spring
SOCI 20004,Unknown
SOCI 20192,Spring
ENGL 10200,Autumn
ENGL 10300,Unknown
ENGL 10400,Autumn
ENGL 10600,Winter
ENGL 10706,Unknown
ENGL 10800,Unknown
ENGL 11004,Winter
ENGL 11501,Winter
ENGL 11904,Winter
ENGL 13000,Unknown
ENGL 13800,Autumn
ENGL 13900,Winter
ENGL 14801,Spring
ENGL 15600,Winter
ENGL 16500,Winter
ENGL 16600,Spring
ENGL 17512,Winter
ENGL 17514,Spring
ENGL 20132,Autumn
ENGL 20133,Autumn
ENGL 20134,Autumn
ENGL 20212,Autumn
ENGL 20213,Spring
ENGL 20221,Winter
ENGL 20405,Autumn
ENGL 20602,Spring
ENGL 21202,Unknown
ENGL 22209,Unknown
ENGL 22210,Autumn
ENGL 22403,Spring
ENGL 23400,Winter
ENGL 23408,Winter
ENGL 23415,Spring
ENGL 24314,Autumn
ENGL 24402,Spring
ENGL 24408,Winter
ENGL 24409,Spring
ENGL 24807,Spring
ENGL 25010,Autumn
ENGL 25108,Winter
ENGL 25202,Spring
ENGL 25215,Spring
ENGL 25405,Winter
ENGL 25419,Spring
ENGL 25420,Spring
ENGL 25421,Autumn
ENGL 25955,Autumn
ENGL 25957,Spring
ENGL 25958,Autumn
ENGL 26000,Autumn
ENGL 26208,Autumn
ENGL 26403,Winter
ENGL 27312,Spring
ENGL 27807,Unknown
ENGL 27808,Winter
ENGL 28604,Autumn
ENGL 28811,Unknown
ENGL 28813,Winter
ENGL 28912,Spring
ENGL 32302,Spring
ENGL 29300,Autumn
ENGL 29600,Winter
ENGL 29700,Unknown
ENGL 29900,Unknown
GEOS 13100,Autumn
GEOS 13200,Winter
GEOS 13300,Spring
GEOS 13400,Unknown
GEOS 21000,Autumn
GEOS 21005,Unknown
GEOS 21100,Spring
GEOS 21200,Spring
GEOS 21205,Autumn
GEOS 21400,Spring
GEOS 22000,Winter
GEOS 22040,Autumn
GEOS 22050,Winter
GEOS 22060,Winter
GEOS 22200,Autumn
GEOS 23200,Autumn
GEOS 23205,Winter
GEOS 23400,Spring
GEOS 23800,Autumn
GEOS 23805,Winter
GEOS 23900,Autumn
GEOS 24200,Winter
GEOS 24500,Spring
GEOS 24600,Spring
GEOS 24705,Spring
GEOS 25400,Autumn
GEOS 26300,Autumn
GEOS 26600,Spring
GEOS 27000,Spring
GEOS 28000,Winter
GEOS 28100,Winter
GEOS 28300,Autumn
GEOS 29001,Unknown
GEOS 29002,Winter
GEOS 29003,Unknown
GEOS 29004,Unknown
GEOS 29005,Unknown
GEOS 29700,Unknown
ENST 12100,Autumn
ENST 12300,Unknown
ENST 12402,Winter
ENST 12404,Winter
ENST 13106,Winter
ENST 13300,Spring
ENST 21201,Autumn
ENST 21301,Winter
ENST 21800,Autumn
ENST 22000,Unknown
ENST 22506,Unknown
ENST 23100,Winter
ENST 23289,Winter
ENST 23500,Autumn
ENST 23900,Autumn
ENST 24102,Spring
ENST 24701,Autumn
ENST 24705,Spring
ENST 25100,Autumn
ENST 25300,Unknown
ENST 25500,Winter
ENST 25900,Winter
ENST 26100,Autumn
ENST 26201,Spring
ENST 26220,Unknown
ENST 26300,Spring
ENST 26500,Unknown
ENST 26505,Winter
ENST 26530,Winter
ENST 26531,Spring
ENST 26701,Spring
ENST 27100,Unknown
ENST 27201,Unknown
ENST 27220,Unknown
ENST 27301,Unknown
ENST 27320,Unknown
ENST 27400,Autumn
ENST 27420,Unknown
ENST 27750,Autumn
ENST 27751,Winter
ENST 28210,Unknown
ENST 29000,Autumn
ENST 29700,Unknown
ENST 29701,Autumn
ENST 29720,Unknown
ENST 29801,Autumn
ENST 29802,Winter
ENST 29900,Unknown
FNDL 28102,Autumn
FNDL 25311,Winter
FNDL 29901,Unknown
FNDL 29902,Unknown
FNDL 20502,Autumn
FNDL 21103,Autumn
FNDL 21411,Autumn
FNDL 21810,Autumn
FNDL 21908,Autumn
FNDL 22001,Autumn
FNDL 23910,Autumn
FNDL 24400,Autumn
FNDL 24804,Autumn
FNDL 27103,Spring
FNDL 21416,Winter
FNDL 21714,Winter
FNDL 21907,Winter
FNDL 23400,Winter
FNDL 23408,Winter
FNDL 23902,Winter
FNDL 23915,Winter
FNDL 24208,Winter
FNDL 24212,Winter
FNDL 24314,Winter
FNDL 25706,Winter
FNDL 26904,Winter
FNDL 21211,Spring
FNDL 21300,Spring
FNDL 21717,Spring
FNDL 22405,Spring
FNDL 23107,Spring
FNDL 25704,Spring
FNDL 26106,Spring
FNDL 26107,Spring
FNDL 26506,Spring
FNDL 26507,Spring
FNDL 26903,Spring
ARTH 10100,Unknown
ARTH 21511,Autumn
ARTH 26803,Autumn
CLCV 22514,Autumn
CLCV 23514,Spring
CLCV 29100,Spring
CMLT 24402,Winter
CMST 10100,Unknown
CMST 23001,Unknown
CMST 28500,Autumn
CMST 28600,Winter
EALC 25811,Winter
ENGL 11501,Winter
ENGL 11904,Winter
ENGL 13800,Autumn
ENGL 13900,Winter
ENGL 15600,Winter
ENGL 21401,Autumn
ENGL 22210,Autumn
ENGL 23415,Spring
ENGL 24408,Winter
ENGL 26000,Autumn
ENGL 33409,Winter
FREN 21501,Autumn
FREN 23600,Winter
FREN 25600,Spring
FREN 26510,Spring
HIST 20802,Autumn
HIST 23002,Winter
HIST 24913,Winter
HIST 25506,Winter
HIST 27412,Winter
HIST 30109,Winter
ITAL 24110,Spring
ITAL 25115,Winter
ITAL 26200,Winter
ITAL 28702,Spring
JWSC 20004,Autumn
JWSC 20005,Spring
JWSC 20006,Winter
LATN 22200,Spring
LATN 22300,Autumn
NEHC 20573,Winter
NEHC 20885,Autumn
PHIL 21219,Spring
PHIL 21700,Spring
RLST 22602,Winter
RLST 23403,Unknown
RLST 23603,Unknown
RLST 24201,Autumn
RLST 24202,Winter
RUSS 25600,Winter
RUSS 25700,Spring
RUSS 27300,Spring
SPAN 22310,Winter
SPAN 23900,Spring
SPAN 26410,Winter
GNSE 10100,Autumn
GNSE 10100,Winter
GNSE 10200,Unknown
GNSE 10310,Spring
GNSE 15002,Autumn
GNSE 15003,Winter
GNSE 20170,Autumn
GNSE 21001,Autumn
GNSE 21400,Winter
GNSE 21500,Winter
GNSE 22401,Unknown
GNSE 23100,Autumn
GNSE 27420,Spring
GNSE 27702,Winter
GNSE 28604,Autumn
GNSE 29600,Spring
GNSE 50101,Unknown
GEOG 20000,Autumn
GEOG 20100,Winter
GEOG 21900,Autumn
GEOG 22100,Winter
GEOG 22700,Winter
GEOG 23003,Winter
GEOG 23500,Winter
GEOG 25300,Spring
GEOG 25500,Winter
GEOG 26100,Autumn
GEOG 26300,Spring
GEOG 26600,Spring
GEOG 28201,Autumn
GEOG 28400,Winter
GEOG 28600,Spring
GEOG 28800,Spring
GEOG 29100,Unknown
GEOG 29300,Unknown
GEOG 29400,Autumn
GEOG 29500,Winter
GEOG 29700,Unknown
GEOG 29800,Winter
GEOS 13100,Autumn
GEOS 13200,Winter
GEOS 13300,Spring
GEOS 13400,Unknown
GEOS 21000,Autumn
GEOS 21005,Unknown
GEOS 21100,Spring
GEOS 21200,Spring
GEOS 21205,Autumn
GEOS 21400,Spring
GEOS 22000,Winter
GEOS 22040,Autumn
GEOS 22050,Winter
GEOS 22060,Winter
GEOS 22200,Autumn
GEOS 23200,Autumn
GEOS 23205,Winter
GEOS 23400,Spring
GEOS 23800,Autumn
GEOS 23805,Winter
GEOS 23900,Autumn
GEOS 24200,Winter
GEOS 24500,Spring
GEOS 24600,Spring
GEOS 24705,Spring
GEOS 25400,Autumn
GEOS 26300,Autumn
GEOS 26600,Spring
GEOS 27000,Spring
GEOS 28000,Winter
GEOS 28100,Winter
GEOS 28300,Autumn
GEOS 29001,Unknown
GEOS 29002,Winter
GEOS 29003,Unknown
GEOS 29004,Unknown
GEOS 29005,Unknown
GEOS 29700,Unknown
GRMN 10100,Autumn
GRMN 10200,Winter
GRMN 10300,Unknown
GRMN 10201,Unknown
GRMN 13100,Spring
GRMN 20100,Unknown
GRMN 20200,Unknown
GRMN 20300,Unknown
GRMN 21103,Autumn
GRMN 21203,Winter
GRMN 21303,Spring
GRMN 21403,Unknown
GRMN 23215,Spring
GRMN 23510,Spring
GRMN 23914,Autumn
GRMN 24815,Winter
GRMN 26014,Autumn
GRMN 27114,Autumn
GRMN 28914,Autumn
GRMN 29700,Unknown
GRMN 29900,Unknown
NORW 10100,Unknown
NORW 10200,Winter
NORW 10300,Spring
NORW 10400,Spring
NORW 27000,Winter
NORW 29700,Unknown
YDDH 10100,Autumn
YDDH 10200,Winter
YDDH 10300,Spring
YDDH 20100,Autumn
YDDH 20200,Winter
YDDH 29700,Unknown
YDDH 29800,Spring
HIST 10101,Winter
HIST 10102,Spring
HIST 10800,Winter
HIST 10900,Spring
HIST 12700,Winter
HIST 12800,Spring
HIST 13001,Unknown
HIST 13002,Unknown
HIST 13003,Spring
HIST 13100,Unknown
HIST 13200,Unknown
HIST 13300,Unknown
HIST 13500,Autumn
HIST 13600,Winter
HIST 13700,Spring
HIST 13900,Autumn
HIST 14000,Winter
HIST 15100,Unknown
HIST 15200,Unknown
HIST 15300,Spring
HIST 15400,Unknown
HIST 15602,Autumn
HIST 15603,Winter
HIST 15604,Spring
HIST 15702,Unknown
HIST 15703,Unknown
HIST 15704,Unknown
HIST 15801,Spring
HIST 16101,Autumn
HIST 16102,Winter
HIST 16103,Spring
HIST 16402,Spring
HIST 16700,Autumn
HIST 16800,Winter
HIST 16900,Spring
HIST 17300,Unknown
HIST 17400,Autumn
HIST 17402,Winter
HIST 17501,Unknown
HIST 17502,Spring
HIST 17503,Spring
HIST 18301,Autumn
HIST 18302,Winter
HIST 18303,Spring
HIST 20109,Winter
HIST 20402,Winter
HIST 20403,Autumn
HIST 20802,Autumn
HIST 20901,Winter
HIST 21501,Autumn
HIST 21701,Autumn
HIST 21702,Spring
HIST 22113,Spring
HIST 22202,Autumn
HIST 22406,Winter
HIST 22203,Spring
HIST 22900,Spring
HIST 23002,Winter
HIST 23003,Winter
HIST 23200,Spring
HIST 23300,Spring
HIST 23310,Spring
HIST 23510,Winter
HIST 23515,Spring
HIST 23704,Spring
HIST 24005,Winter
HIST 24112,Spring
HIST 24500,Winter
HIST 24603,Spring
HIST 34603,Spring
HIST 24607,Winter
HIST 24803,Winter
HIST 24807,Autumn
HIST 25109,Winter
HIST 25311,Autumn
HIST 25503,Winter
HIST 25506,Winter
HIST 25510,Spring
HIST 25701,Autumn
HIST 25704,Autumn
HIST 25804,Winter
HIST 25904,Spring
HIST 26214,Autumn
HIST 26604,Winter
HIST 26707,Spring
HIST 27013,Spring
HIST 27102,Winter
HIST 27206,Winter
HIST 27412,Winter
HIST 27506,Winter
HIST 28000,Spring
HIST 28002,Autumn
HIST 28003,Winter
HIST 28301,Winter
HIST 28800,Autumn
HIST 28807,Spring
HIST 28809,Autumn
HIST 28900,Autumn
HIST 29000,Spring
HIST 29301,Spring
HIST 29302,Winter
HIST 29303,Autumn
HIST 29306,Autumn
HIST 29311,Unknown
HIST 29312,Unknown
HIST 29511,Unknown
HIST 29513,Winter
HIST 29612,Autumn
HIST 29648,Winter
HIST 29649,Autumn
HIST 29650,Spring
HIST 29651,Spring
HIST 29653,Winter
HIST 29654,Autumn
HIST 29700,Unknown
HIST 29801,Unknown
HIST 29802,Winter
HIPS 17300,Unknown
HIPS 17400,Autumn
HIPS 17402,Winter
HIPS 17501,Unknown
HIPS 17502,Spring
HIPS 17503,Spring
HIPS 20300,Unknown
HIPS 20700,Autumn
HIPS 20800,Autumn
HIPS 21100,Unknown
HIPS 21200,Unknown
HIPS 21301,Unknown
HIPS 21400,Unknown
HIPS 21911,Unknown
HIPS 22000,Autumn
HIPS 22300,Winter
HIPS 22401,Winter
HIPS 22601,Unknown
HIPS 22700,Unknown
HIPS 23000,Spring
HIPS 23500,Unknown
HIPS 23600,Unknown
HIPS 23700,Spring
HIPS 23900,Winter
HIPS 24000,Winter
HIPS 24300,Autumn
HIPS 24800,Spring
HIPS 25107,Spring
HIPS 25203,Autumn
HIPS 25204,Autumn
HIPS 25307,Winter
HIPS 25311,Autumn
HIPS 25408,Winter
HIPS 25506,Winter
HIPS 25600,Spring
HIPS 25601,Unknown
HIPS 25700,Winter
HIPS 25901,Autumn
HIPS 25902,Spring
HIPS 26000,Winter
HIPS 26101,Unknown
HIPS 26203,Spring
HIPS 26502,Spring
HIPS 27013,Spring
HIPS 27302,Winter
HIPS 28002,Spring
HIPS 28101,Winter
HIPS 28202,Spring
HIPS 28303,Spring
HIPS 28601,Winter
HIPS 28801,Autumn
HIPS 29610,Autumn
HIPS 29611,Winter
HIPS 29612,Spring
HIPS 29700,Unknown
HIPS 29800,Winter
HIPS 29810,Unknown
HIPS 29900,Unknown
HUMA 11000,Autumn
HUMA 11100,Winter
HUMA 11200,Spring
HUMA 11500,Autumn
HUMA 11600,Winter
HUMA 11700,Spring
HUMA 12000,Autumn
HUMA 12100,Winter
HUMA 12200,Spring
HUMA 12300,Autumn
HUMA 12400,Winter
HUMA 12500,Spring
HUMA 13500,Autumn
HUMA 13600,Winter
HUMA 13700,Spring
HUMA 14000,Autumn
HUMA 14100,Winter
HUMA 14200,Spring
HUMA 16000,Autumn
HUMA 16100,Winter
HUMA 16200,Spring
HUMA 17000,Autumn
HUMA 17100,Winter
HUMA 17200,Spring
HUMA 19100,Unknown
HUMA 02980,Summer
HUMA 20710,Unknown
HUMA 20711,Unknown
HUMA 20712,Unknown
HUMA 20713,Unknown
HUMA 24005,Autumn
HUMA 25204,Autumn
HUMA 29700,Unknown
HMRT 20100,Spring
HMRT 20200,Winter
HMRT 20300,Autumn
HMRT 20101,Spring
HMRT 20201,Spring
HMRT 20301,Spring
HMRT 20116,Winter
HMRT 21400,Winter
HMRT 23301,Winter
HMRT 23302,Spring
HMRT 24701,Winter
HMRT 25106,Autumn
HMRT 25107,Winter
HMRT 25210,Autumn
HMRT 26500,Unknown
HMRT 26700,Unknown
HMRT 26800,Unknown
HMRT 27061,Autumn
HMRT 27306,Winter
HMRT 28310,Winter
HMRT 28602,Winter
HMRT 29001,Unknown
HMRT 29504,Spring
HMRT 29505,Autumn
HMRT 20100,Spring
HMRT 20200,Winter
HMRT 20300,Autumn
HMRT 20101,Spring
HMRT 20201,Spring
HMRT 20301,Spring
HMRT 20116,Winter
HMRT 21400,Winter
HMRT 23301,Winter
HMRT 23302,Spring
HMRT 24701,Winter
HMRT 25106,Autumn
HMRT 25107,Winter
HMRT 25210,Autumn
HMRT 26500,Unknown
HMRT 26700,Unknown
HMRT 26800,Unknown
HMRT 27061,Autumn
HMRT 27306,Winter
HMRT 28310,Winter
HMRT 28602,Winter
HMRT 29001,Unknown
HMRT 29504,Spring
HMRT 29505,Autumn
ISHU 29802,Spring
ISHU 29900,Unknown
ISHU 23000,Unknown
INST 23101,Autumn
INST 23102,Winter
INST 27701,Winter
INST 27702,Winter
INST 29700,Unknown
INST 29800,Autumn
INST 29801,Winter
INST 29900,Unknown
JWSC 11000,Autumn
JWSC 11100,Spring
JWSC 11200,Winter
JWSC 20001,Spring
JWSC 20002,Winter
JWSC 20003,Autumn
JWSC 20004,Autumn
JWSC 20005,Spring
JWSC 20006,Winter
JWSC 20300,Autumn
JWSC 20400,Winter
JWSC 20500,Spring
JWSC 20452,Winter
JWSC 20911,Winter
JWSC 22000,Autumn
JWSC 22100,Winter
JWSC 22200,Spring
JWSC 22201,Autumn
JWSC 22302,Winter
JWSC 22300,Autumn
JWSC 22400,Winter
JWSC 22500,Spring
JWSC 23000,Autumn
JWSC 23100,Winter
JWSC 23200,Spring
JWSC 24500,Autumn
JWSC 25000,Autumn
JWSC 25100,Winter
JWSC 25200,Spring
JWSC 25300,Autumn
JWSC 25400,Winter
JWSC 25500,Spring
JWSC 25600,Autumn
JWSC 25700,Winter
JWSC 25800,Spring
JWSC 25601,Winter
JWSC 26115,Winter
JWSC 26310,Spring
JWSC 26600,Spring
JWSC 27301,Autumn
JWSC 27401,Winter
JWSC 28914,Autumn
JWSC 29700,Unknown
JWSC 29900,Unknown
LACS 16100,Autumn
LACS 16200,Winter
LACS 16300,Spring
LACS 16460,Autumn
LACS 16700,Unknown
LACS 17735,Winter
LACS 21205,Winter
LACS 22310,Winter
LACS 22314,Autumn
LACS 22501,Autumn
LACS 22502,Winter
LACS 22503,Spring
LACS 23510,Autumn
LACS 24250,Unknown
LACS 24512,Autumn
LACS 24513,Winter
LACS 24514,Spring
LACS 24801,Winter
LACS 25100,Autumn
LACS 27808,Spring
LACS 27901,Autumn
LACS 27902,Winter
LACS 27903,Spring
LACS 29700,Unknown
LACS 29801,Unknown
LACS 29900,Unknown
LLSO 24200,Autumn
LLSO 20601,Winter
LLSO 20702,Spring
LLSO 21710,Autumn
LLSO 21810,Spring
LLSO 21811,Winter
LLSO 22104,Winter
LLSO 22612,Winter
LLSO 23501,Autumn
LLSO 23900,Winter
LLSO 24300,Spring
LLSO 24711,Winter
LLSO 25411,Winter
LLSO 25417,Winter
LLSO 25612,Autumn
LLSO 25903,Spring
LLSO 26815,Spring
LLSO 28233,Autumn
LLSO 28500,Winter
LLSO 28611,Autumn
LLSO 20602,Winter
LLSO 20603,Winter
LLSO 20606,Autumn
LLSO 20911,Spring
LLSO 21103,Spring
LLSO 21210,Winter
LLSO 22106,Winter
LLSO 22209,Spring
LLSO 22210,Spring
LLSO 22612,Winter
LLSO 22707,Winter
LLSO 22710,Autumn
LLSO 23100,Winter
LLSO 23114,Spring
LLSO 23402,Winter
LLSO 23415,Spring
LLSO 24000,Spring
LLSO 24011,Winter
LLSO 24901,Autumn
LLSO 25100,Spring
LLSO 25203,Autumn
LLSO 25204,Winter
LLSO 25215,Autumn
LLSO 25610,Winter
LLSO 25903,Spring
LLSO 25904,Spring
LLSO 26000,Winter
LLSO 26109,Winter
LLSO 26201,Autumn
LLSO 26202,Spring
LLSO 26500,Winter
LLSO 26601,Autumn
LLSO 26702,Spring
LLSO 26802,Spring
LLSO 26803,Winter
LLSO 26804,Winter
LLSO 27100,Winter
LLSO 27101,Winter
LLSO 27200,Autumn
LLSO 27306,Winter
LLSO 27307,Spring
LLSO 27601,Winter
LLSO 27704,Winter
LLSO 27801,Autumn
LLSO 28000,Winter
LLSO 28010,Autumn
LLSO 28100,Spring
LLSO 28212,Spring
LLSO 28311,Autumn
LLSO 28313,Autumn
LLSO 28314,Winter
LLSO 28604,Autumn
LLSO 28613,Autumn
LLSO 28710,Autumn
LLSO 28711,Spring
LLSO 29000,Winter
LLSO 29201,Spring
LLSO 29400,Autumn
ASLG 10100,Autumn
ASLG 10200,Winter
ASLG 10300,Spring
ASLG 10400,Autumn
ASLG 10500,Winter
ASLG 10600,Spring
BASQ 12000,Autumn
BASQ 12100,Winter
BASQ 12200,Spring
LGLN 10101,Autumn
LGLN 10102,Winter
LGLN 10103,Spring
LGLN 10115,Autumn
LGLN 10215,Winter
LGLN 10315,Spring
LGLN 18700,Autumn
LGLN 18711,Autumn
LGLN 18712,Winter
LGLN 18713,Spring
LGLN 20101,Autumn
LGLN 20102,Winter
LGLN 20103,Spring
LGLN 20115,Autumn
LGLN 20215,Winter
LGLN 20315,Spring
LGLN 21101,Winter
LGLN 21102,Spring
LGLN 22001,Spring
LGLN 22100,Autumn
LGLN 22200,Winter
LGLN 22300,Spring
LGLN 24300,Spring
LGLN 24600,Autumn
LGLN 24700,Winter
LGLN 24800,Spring
LGLN 27200,Autumn
LGLN 27300,Winter
LGLN 27400,Spring
LGLN 27800,Winter
LGLN 29700,Spring
LING 20001,Unknown
LING 20101,Autumn
LING 20150,Autumn
LING 20201,Winter
LING 20301,Spring
LING 21000,Spring
LING 21010,Autumn
LING 21600,Winter
LING 21920,Winter
LING 23920,Spring
LING 24450,Autumn
LING 25000,Autumn
LING 25160,Autumn
LING 25360,Winter
LING 26310,Winter
LING 26400,Winter
LING 27010,Autumn
LING 27130,Unknown
LING 27200,Winter
LING 27220,Unknown
LING 27340,Spring
LING 27500,Spring
LING 27700,Spring
LING 27860,Autumn
LING 27910,Winter
LING 28600,Spring
LING 29405,Spring
LING 29601,Spring
LING 29700,Unknown
LING 29900,Unknown
MOGK 10100,Autumn
MOGK 10200,Winter
SWAH 25200,Autumn
SWAH 25300,Winter
SWAH 25400,Spring
SWAH 26800,Autumn
SWAH 26900,Winter
SWAH 27000,Spring
MATH 10500,Autumn
MATH 11200,Unknown
MATH 11300,Winter
MATH 13100,Unknown
MATH 13200,Unknown
MATH 13300,Spring
MATH 15100,Autumn
MATH 15200,Unknown
MATH 15300,Unknown
MATH 16100,Autumn
MATH 16200,Winter
MATH 16300,Spring
MATH 17500,Autumn
MATH 17600,Winter
MATH 19520,Unknown
MATH 19620,Unknown
MATH 19900,Unknown
MATH 20000,Unknown
MATH 20100,Unknown
MATH 20300,Unknown
MATH 20400,Unknown
MATH 20500,Unknown
MATH 20700,Autumn
MATH 20800,Winter
MATH 20900,Spring
MATH 21100,Spring
MATH 21200,Autumn
MATH 22000,Unknown
MATH 23500,Spring
MATH 24100,Spring
MATH 24200,Spring
MATH 24300,Spring
MATH 25400,Unknown
MATH 25500,Unknown
MATH 25600,Spring
MATH 25700,Autumn
MATH 25800,Winter
MATH 25900,Spring
MATH 26200,Winter
MATH 26300,Spring
MATH 26700,Autumn
MATH 26800,Winter
MATH 27000,Unknown
MATH 27200,Winter
MATH 27300,Winter
MATH 27400,Spring
MATH 27500,Spring
MATH 27700,Autumn
MATH 27800,Winter
MATH 28000,Winter
MATH 28100,Spring
MATH 28410,Winter
MATH 29520,Winter
MATH 29700,Unknown
ARTH 14215,Winter
ARTH 17015,Autumn
ARTH 17211,Winter
ARTH 17612,Autumn
ARTH 22550,Autumn
ARTH 23005,Winter
ENGL 11501,Winter
ENGL 14801,Spring
ENGL 15600,Winter
FNDL 21103,Autumn
FNDL 21714,Winter
FNDL 26106,Spring
FREN 26700,Winter
HCHR 30200,Unknown
HIST 21701,Autumn
HIST 21702,Spring
HIST 23310,Spring
HIST 23510,Winter
HIST 23514,Spring
HIST 25701,Autumn
ITAL 23502,Winter
LATN 25000,Winter
NEHC 20411,Autumn
NEHC 20412,Winter
NEHC 20413,Spring
NEHC 30411,Autumn
NEHC 30412,Winter
NEHC 30413,Spring
NEHC 20501,Autumn
NEHC 20502,Winter
NEHC 20503,Spring
NEHC 30501,Autumn
NEHC 20601,Autumn
NEHC 20602,Winter
NEHC 20603,Spring
NEHC 30601,Autumn
NEHC 30602,Winter
NEHC 30603,Spring
PHIL 26000,Winter
RLST 21801,Winter
SLAV 22000,Winter
SLAV 22302,Spring
MENG 20000,Autumn
MENG 21000,Winter
MENG 21900,Winter
MENG 23000,Winter
MENG 24100,Winter
MENG 24200,Spring
MENG 24300,Spring
MENG 25000,Spring
MENG 29600,Spring
MENG 29700,Unknown
MUSI 10100,Unknown
MUSI 10200,Unknown
MUSI 10300,Unknown
MUSI 10400,Unknown
MUSI 12100,Winter
MUSI 12200,Spring
MUSI 14300,Unknown
MUSI 15100,Autumn
MUSI 15200,Winter
MUSI 15300,Spring
MUSI 20900,Autumn
MUSI 21814,Unknown
MUSI 22300,Unknown
MUSI 22404,Unknown
MUSI 22806,Unknown
MUSI 22900,Unknown
MUSI 23104,Unknown
MUSI 23300,Autumn
MUSI 23410,Unknown
MUSI 23503,Spring
MUSI 23509,Unknown
MUSI 23514,Unknown
MUSI 23606,Unknown
MUSI 23611,Unknown
MUSI 23614,Unknown
MUSI 23700,Unknown
MUSI 23900,Autumn
MUSI 23911,Unknown
MUSI 24000,Unknown
MUSI 25100,Winter
MUSI 25200,Spring
MUSI 25300,Spring
MUSI 25600,Spring
MUSI 25701,Unknown
MUSI 25800,Spring
MUSI 25801,Autumn
MUSI 25804,Unknown
MUSI 26100,Spring
MUSI 26300,Autumn
MUSI 26400,Winter
MUSI 26514,Unknown
MUSI 26800,Autumn
MUSI 26900,Winter
MUSI 27100,Autumn
MUSI 27200,Winter
MUSI 27300,Spring
MUSI 28500,Unknown
MUSI 28914,Autumn
MUSI 29500,Spring
MUSI 29700,Unknown
MUSI 29900,Unknown
NTSC 10100,Winter
NTSC 10200,Spring
NTSC 10300,Autumn
NTSC 10400,Winter
AKKD 10101,Autumn
AKKD 10102,Winter
AKKD 10103,Spring
AANL 10101,Autumn
AANL 10102,Winter
AANL 10103,Spring
AANL 20125,Autumn
AANL 20303,Spring
ARAB 10101,Autumn
ARAB 10102,Winter
ARAB 10103,Spring
ARAB 10250,Spring
ARAB 20101,Autumn
ARAB 20102,Winter
ARAB 20103,Spring
ARAB 20588,Spring
ARAM 10101,Autumn
ARAM 10102,Spring
ARAM 10103,Winter
ARME 10101,Autumn
ARME 10102,Winter
ARME 10103,Spring
ARME 20101,Autumn
ARME 20102,Winter
ARME 20103,Spring
EGPT 10101,Autumn
EGPT 10102,Winter
EGPT 10103,Spring
EGPT 10201,Autumn
EGPT 10202,Winter
EGPT 20101,Autumn
EGPT 20102,Winter
EGPT 20110,Spring
EGPT 20210,Spring
EGPT 20211,Autumn
GEEZ 10101,Winter
GEEZ 10102,Spring
HEBR 10101,Autumn
HEBR 10102,Winter
HEBR 10103,Spring
HEBR 10501,Autumn
HEBR 10502,Winter
HEBR 10503,Spring
HEBR 20104,Autumn
HEBR 20105,Winter
HEBR 20106,Spring
HEBR 20301,Autumn
HEBR 20302,Winter
HEBR 20501,Autumn
HEBR 20502,Winter
HEBR 20503,Spring
KAZK 10101,Autumn
NEAA 10630,Spring
NEAA 10631,Winter
NEAA 17205,Winter
NEAA 20001,Autumn
NEAA 20005,Spring
NEAA 20006,Winter
NEAA 20030,Unknown
NEAA 20051,Winter
NEAA 20061,Autumn
NEAA 20062,Winter
NEAA 20532,Winter
NEAA 20801,Winter
NEAA 29700,Unknown
NEHC 10101,Spring
NEHC 20001,Unknown
NEHC 20002,Unknown
NEHC 20003,Unknown
NEHC 20004,Autumn
NEHC 20005,Winter
NEHC 20006,Spring
NEHC 30004,Autumn
NEHC 20011,Autumn
NEHC 20012,Winter
NEHC 20013,Spring
NEHC 30011,Autumn
NEHC 20401,Spring
NEHC 20402,Winter
NEHC 20403,Autumn
NEHC 20404,Autumn
NEHC 20405,Spring
NEHC 20406,Spring
NEHC 20411,Autumn
NEHC 20412,Winter
NEHC 20413,Spring
NEHC 30411,Autumn
NEHC 30412,Winter
NEHC 30413,Spring
NEHC 20416,Unknown
NEHC 20417,Unknown
NEHC 20418,Unknown
NEHC 20491,Winter
NEHC 20501,Autumn
NEHC 20502,Winter
NEHC 20503,Spring
NEHC 30501,Autumn
NEHC 20573,Winter
NEHC 20601,Autumn
NEHC 20602,Winter
NEHC 20603,Spring
NEHC 30601,Autumn
NEHC 30602,Winter
NEHC 30603,Spring
NEHC 20634,Autumn
NEHC 20636,Unknown
NEHC 20652,Autumn
NEHC 20765,Spring
NEHC 20885,Autumn
NEHC 26106,Spring
NEHC 26514,Autumn
NEHC 26914,Spring
NEHC 29700,Unknown
NEHC 29800,Autumn
NEHC 29999,Winter
PERS 10101,Autumn
PERS 10102,Winter
PERS 10103,Spring
PERS 20101,Autumn
PERS 20102,Winter
PERS 20103,Spring
PERS 20320,Autumn
PERS 20321,Winter
TURK 10101,Autumn
TURK 10102,Winter
TURK 10103,Spring
TURK 10105,Autumn
TURK 10106,Winter
TURK 10107,Spring
TURK 20101,Autumn
TURK 20102,Winter
TURK 20103,Spring
UGAR 20101,Autumn
UGAR 20102,Winter
UGAR 20103,Spring
UZBK 10101,Autumn
UZBK 10102,Winter
UZBK 10103,Spring
NCDV 29700,Unknown
NCDV 29800,Unknown
NCDV 29900,Unknown
PHIL 20100,Autumn
PHIL 20117,Winter
PHIL 20212,Spring
PHIL 21000,Spring
PHIL 21300,Unknown
PHIL 21600,Winter
PHIL 21610,Unknown
PHIL 21700,Spring
PHIL 21720,Autumn
PHIL 22000,Winter
PHIL 22820,Winter
PHIL 23000,Autumn
PHIL 23005,Spring
PHIL 23006,Winter
PHIL 23011,Autumn
PHIL 23020,Winter
PHIL 23408,Winter
PHIL 24025,Autumn
PHIL 24097,Spring
PHIL 24208,Winter
PHIL 24301,Winter
PHIL 24602,Autumn
PHIL 24800,Autumn
PHIL 25000,Autumn
PHIL 25115,Winter
PHIL 25706,Winter
PHIL 26000,Winter
PHIL 27000,Spring
PHIL 28010,Autumn
PHIL 29100,Winter
PHIL 29200,Unknown
PHIL 29300,Unknown
PHIL 29425,Winter
PHIL 29601,Autumn
PHIL 29700,Autumn
PHIL 29901,Unknown
PHIL 29902,Unknown
PHSC 10900,Unknown
PHSC 11000,Spring
PHSC 10900,Unknown
PHSC 13400,Unknown
PHSC 11100,Autumn
PHSC 11200,Winter
PHSC 11100,Autumn
PHSC 11300,Unknown
PHSC 11400,Unknown
PHSC 11500,Unknown
PHSC 11900,Unknown
PHSC 12000,Unknown
PHSC 12800,Spring
PHSC 11902,Summer
PHSC 12000,Unknown
PHSC 13400,Unknown
PHSC 13500,Autumn
PHSC 13400,Unknown
PHSC 13600,Winter
PHSC 13500,Autumn
PHSC 11000,Spring
PHSC 18100,Autumn
PHSC 18200,Winter
PHSC 18300,Unknown
PHYS 12100,Autumn
PHYS 12200,Winter
PHYS 12300,Spring
PHYS 13100,Autumn
PHYS 13200,Winter
PHYS 13300,Spring
PHYS 14100,Autumn
PHYS 14200,Winter
PHYS 14300,Spring
PHYS 15400,Autumn
PHYS 18500,Winter
PHYS 19700,Autumn
PHYS 21101,Autumn
PHYS 21102,Winter
PHYS 21103,Spring
PHYS 22000,Spring
PHYS 22100,Autumn
PHYS 22500,Winter
PHYS 22700,Spring
PHYS 22600,Spring
PHYS 23400,Spring
PHYS 23500,Autumn
PHYS 23600,Winter
PHYS 23700,Spring
PHYS 24300,Winter
PHYS 24500,Autumn
PHYS 24600,Spring
PHYS 25000,Autumn
PHYS 25500,Winter
PHYS 26400,Autumn
PHYS 26500,Winter
PHYS 29100,Autumn
PHYS 29200,Winter
PHYS 29300,Spring
PHYS 29700,Unknown
PLSC 20693,Unknown
PLSC 21216,Spring
PLSC 21217,Spring
PLSC 21218,Spring
PLSC 21219,Spring
PLSC 21315,Spring
PLSC 21316,Spring
PLSC 21415,Spring
PLSC 21501,Winter
PLSC 22400,Spring
PLSC 22600,Winter
PLSC 22825,Winter
PLSC 22913,Unknown
PLSC 23100,Winter
PLSC 23300,Spring
PLSC 23414,Winter
PLSC 23415,Spring
PLSC 23720,Winter
PLSC 23910,Autumn
PLSC 23915,Winter
PLSC 24810,Autumn
PLSC 25001,Winter
PLSC 25310,Autumn
PLSC 25610,Winter
PLSC 25810,Winter
PLSC 25900,Autumn
PLSC 26800,Winter
PLSC 27216,Autumn
PLSC 27315,Winter
PLSC 27500,Winter
PLSC 28100,Spring
PLSC 28500,Spring
PLSC 28701,Spring
PLSC 28710,Autumn
PLSC 28800,Winter
PLSC 28801,Winter
PLSC 28900,Spring
PLSC 28901,Winter
PLSC 29000,Winter
PLSC 29200,Spring
PLSC 29500,Spring
PLSC 29700,Unknown
PLSC 29800,Unknown
PLSC 29900,Unknown
PSYC 20000,Autumn
PSYC 20100,Autumn
PSYC 20200,Winter
PSYC 20209,Winter
PSYC 20300,Winter
PSYC 20400,Spring
PSYC 20500,Spring
PSYC 20600,Winter
PSYC 20700,Autumn
PSYC 20850,Autumn
PSYC 21510,Spring
PSYC 21750,Autumn
PSYC 21950,Spring
PSYC 22750,Spring
PSYC 23000,Autumn
PSYC 23165,Spring
PSYC 23200,Winter
PSYC 23249,Winter
PSYC 23301,Autumn
PSYC 24000,Spring
PSYC 24050,Autumn
PSYC 24567,Autumn
PSYC 24670,Winter
PSYC 24680,Spring
PSYC 25101,Autumn
PSYC 25120,Spring
PSYC 25650,Winter
PSYC 25700,Winter
PSYC 25750,Autumn
PSYC 26219,Autumn
PSYC 27010,Autumn
PSYC 28910,Spring
PSYC 29200,Unknown
PSYC 29350,Spring
PSYC 29700,Unknown
PSYC 29800,Winter
PBPL 20000,Unknown
PBPL 20305,Autumn
PBPL 21800,Autumn
PBPL 22100,Autumn
PBPL 22200,Winter
PBPL 22300,Spring
PBPL 23000,Autumn
PBPL 23100,Winter
PBPL 23200,Winter
PBPL 23600,Autumn
PBPL 24500,Spring
PBPL 24701,Autumn
PBPL 24751,Unknown
PBPL 24800,Autumn
PBPL 24901,Winter
PBPL 25120,Spring
PBPL 25405,Spring
PBPL 25620,Spring
PBPL 25630,Spring
PBPL 26200,Unknown
PBPL 26300,Unknown
PBPL 26400,Unknown
PBPL 26500,Winter
PBPL 26505,Spring
PBPL 26530,Winter
PBPL 26531,Spring
PBPL 26605,Winter
PBPL 26700,Spring
PBPL 26709,Winter
PBPL 26801,Spring
PBPL 27040,Winter
PBPL 27070,Winter
PBPL 27501,Spring
PBPL 27750,Autumn
PBPL 27751,Winter
PBPL 27821,Autumn
PBPL 28501,Unknown
PBPL 28605,Autumn
PBPL 28702,Autumn
PBPL 28805,Spring
PBPL 29000,Autumn
PBPL 29304,Winter
PBPL 29305,Winter
PBPL 29411,Autumn
PBPL 29600,Unknown
PBPL 29700,Unknown
PBPL 29701,Autumn
PBPL 29800,Autumn
PBPL 29900,Unknown
RLST 10100,Autumn
RLST 11005,Autumn
RLST 20408,Spring
RLST 12000,Spring
RLST 20401,Autumn
RLST 20402,Winter
RLST 20403,Spring
RLST 20501,Autumn
RLST 20604,Spring
RLST 20605,Autumn
RLST 25801,Winter
RLST 20911,Winter
RLST 21311,Spring
RLST 21400,Spring
RLST 22311,Winter
RLST 22602,Winter
RLST 23011,Autumn
RLST 23403,Unknown
RLST 23603,Unknown
RLST 24201,Autumn
RLST 24202,Winter
RLST 25115,Winter
RLST 25601,Spring
RLST 26800,Autumn
RLST 27710,Spring
RLST 28304,Spring
RLST 28704,Spring
RLST 28914,Autumn
RLST 29700,Unknown
RLST 29800,Autumn
RLST 29900,Winter
CATA 10100,Autumn
CATA 10200,Winter
CATA 10300,Spring
CATA 12200,Unknown
CATA 12300,Spring
CATA 21500,Spring
CATA 21900,Winter
CATA 22015,Spring
CATA 27513,Spring
CATA 29700,Unknown
FREN 10100,Unknown
FREN 10200,Unknown
FREN 10300,Unknown
FREN 20100,Unknown
FREN 20200,Unknown
FREN 20300,Unknown
FREN 20500,Unknown
FREN 20601,Spring
FREN 21503,Autumn
FREN 21600,Winter
FREN 21803,Spring
FREN 21903,Autumn
FREN 22614,Autumn
FREN 23510,Autumn
FREN 23600,Winter
FREN 24300,Winter
FREN 24310,Winter
FREN 25600,Spring
FREN 26303,Winter
FREN 26510,Spring
FREN 26700,Winter
FREN 29700,Unknown
FREN 29900,Winter
RLLT 26106,Spring
SOSC 27501,Autumn
SOSC 27601,Autumn
SOSC 27701,Autumn
ITAL 10100,Unknown
ITAL 10200,Unknown
ITAL 10300,Unknown
ITAL 12200,Spring
ITAL 20100,Autumn
ITAL 20200,Winter
ITAL 20300,Spring
ITAL 20400,Unknown
ITAL 20500,Unknown
ITAL 21100,Spring
ITAL 21800,Autumn
ITAL 23203,Winter
ITAL 23502,Winter
ITAL 23900,Autumn
ITAL 25115,Winter
ITAL 26200,Winter
ITAL 29000,Winter
ITAL 29700,Unknown
ITAL 29900,Unknown
PORT 10100,Autumn
PORT 10200,Winter
PORT 10300,Spring
PORT 12200,Spring
PORT 20100,Autumn
PORT 20200,Winter
PORT 21500,Spring
PORT 29700,Unknown
SPAN 10100,Unknown
SPAN 10200,Unknown
SPAN 10300,Unknown
SPAN 20100,Unknown
SPAN 20200,Unknown
SPAN 20300,Unknown
SPAN 20400,Unknown
SPAN 20500,Winter
SPAN 20402,Autumn
SPAN 20602,Spring
SPAN 21100,Unknown
SPAN 21500,Spring
SPAN 21703,Autumn
SPAN 21803,Spring
SPAN 21903,Winter
SPAN 22003,Autumn
SPAN 22310,Winter
SPAN 22314,Autumn
SPAN 24220,Spring
SPAN 24801,Winter
SPAN 27513,Spring
SPAN 29700,Unknown
SPAN 29900,Winter
HIST 13900,Autumn
HIST 14000,Winter
PLSC 28100,Spring
RUSS 10100,Autumn
RUSS 10200,Winter
RUSS 10300,Spring
RUSS 10400,Unknown
RUSS 10500,Unknown
RUSS 10600,Unknown
RUSS 20100,Autumn
RUSS 20200,Winter
RUSS 20300,Spring
RUSS 20400,Unknown
RUSS 20500,Unknown
RUSS 20600,Unknown
RUSS 20702,Autumn
RUSS 20802,Winter
RUSS 20902,Spring
RUSS 21002,Autumn
RUSS 21102,Winter
RUSS 21202,Spring
RUSS 21302,Autumn
RUSS 21402,Winter
RUSS 21502,Spring
RUSS 21600,Autumn
RUSS 23900,Autumn
RUSS 24101,Autumn
RUSS 25500,Autumn
RUSS 25600,Winter
RUSS 25700,Spring
RUSS 26105,Autumn
RUSS 26205,Winter
RUSS 26206,Spring
SLAV 22000,Winter
SLAV 22302,Spring
SLAV 22303,Winter
SOSC 29700,Unknown
SOSC 29900,Unknown
BCSN 10100,Autumn
BCSN 10200,Winter
BCSN 10300,Spring
BCSN 20100,Autumn
BCSN 20200,Winter
BCSN 20300,Spring
BCSN 29700,Unknown
CZEC 10100,Autumn
CZEC 10200,Winter
CZEC 10300,Spring
CZEC 20100,Autumn
CZEC 20200,Winter
CZEC 20300,Spring
CZEC 29700,Unknown
CZEC 29900,Unknown
EEUR 20900,Spring
EEUR 21000,Winter
EEUR 21100,Autumn
EEUR 21200,Winter
EEUR 21300,Spring
EEUR 23400,Spring
EEUR 29301,Spring
SLAV 20100,Winter
SLAV 20600,Winter
SLAV 23000,Winter
SLAV 23510,Spring
SLAV 24411,Spring
SLAV 26500,Unknown
SLAV 29700,Unknown
SLAV 29900,Unknown
GEOR 22100,Autumn
GEOR 22200,Winter
GEOR 22300,Spring
GEOR 22400,Autumn
GEOR 22500,Winter
GEOR 22600,Spring
POLI 10100,Autumn
POLI 10200,Winter
POLI 10300,Spring
POLI 20100,Autumn
POLI 20200,Winter
POLI 20300,Spring
POLI 20500,Autumn
POLI 20600,Winter
POLI 20700,Spring
POLI 22400,Spring
POLI 22410,Autumn
POLI 24100,Autumn
POLI 24200,Winter
POLI 24300,Spring
POLI 25301,Spring
POLI 29700,Unknown
POLI 29900,Unknown
RUSS 10100,Autumn
RUSS 10200,Winter
RUSS 10300,Spring
RUSS 10400,Unknown
RUSS 10500,Unknown
RUSS 10600,Unknown
RUSS 20100,Autumn
RUSS 20200,Winter
RUSS 20300,Spring
RUSS 20400,Unknown
RUSS 20500,Unknown
RUSS 20600,Unknown
RUSS 20702,Autumn
RUSS 20802,Winter
RUSS 20902,Spring
RUSS 21002,Autumn
RUSS 21102,Winter
RUSS 21202,Spring
RUSS 21302,Autumn
RUSS 21402,Winter
RUSS 21502,Spring
RUSS 21600,Autumn
RUSS 22302,Spring
RUSS 25100,Autumn
RUSS 25200,Winter
RUSS 25500,Autumn
RUSS 25502,Autumn
RUSS 25600,Winter
RUSS 26208,Autumn
RUSS 27300,Spring
RUSS 29600,Winter
RUSS 29700,Unknown
RUSS 29900,Unknown
SOSL 21700,Spring
SOSL 26610,Spring
SOSL 26800,Winter
SOSL 27200,Autumn
SOSL 27300,Winter
SOSL 27601,Autumn
SOSL 27700,Spring
SOSL 29700,Unknown
SOSL 29900,Unknown
SOSC 11100,Autumn
SOSC 11200,Winter
SOSC 11300,Spring
SOSC 12100,Autumn
SOSC 12200,Winter
SOSC 12300,Spring
SOSC 13100,Autumn
SOSC 13200,Winter
SOSC 13300,Spring
SOSC 14100,Autumn
SOSC 14200,Winter
SOSC 14300,Spring
SOSC 15100,Autumn
SOSC 15200,Winter
SOSC 15300,Spring
SOSC 02980,Summer
SOSC 20200,Unknown
SOSC 21100,Winter
SOSC 21200,Spring
SOSC 22000,Autumn
SOSC 22100,Winter
SOSC 22200,Spring
SOSC 23000,Winter
SOSC 23100,Spring
SOSC 23500,Unknown
SOSC 23600,Unknown
SOSC 23700,Spring
SOSC 23801,Unknown
SOSC 24000,Autumn
SOSC 24100,Winter
SOSC 24001,Autumn
SOSC 24002,Winter
SOSC 24003,Spring
SOSC 25100,Winter
SOSC 26100,Autumn
SOSC 26200,Winter
SOSC 26300,Spring
SOSC 26900,Spring
SOSC 28200,Autumn
SOSC 28300,Unknown
SOSC 29500,Unknown
SOSC 29700,Unknown
SOSC 29900,Unknown
SOSC 34500,Winter
SOSC 34600,Spring
SOSC 39000,Autumn
SOCI 20001,Winter
SOCI 20002,Winter
SOCI 20004,Unknown
SOCI 20005,Spring
SOCI 20101,Autumn
SOCI 20102,Winter
SOCI 20103,Winter
SOCI 20104,Winter
SOCI 20105,Winter
SOCI 20106,Autumn
SOCI 20107,Spring
SOCI 20111,Autumn
SOCI 20118,Unknown
SOCI 20123,Winter
SOCI 20140,Spring
SOCI 20150,Autumn
SOCI 20157,Winter
SOCI 20175,Autumn
SOCI 20179,Winter
SOCI 20191,Spring
SOCI 20192,Spring
SOCI 20208,Spring
SOCI 20215,Spring
SOCI 20219,Winter
SOCI 20221,Autumn
SOCI 20222,Winter
SOCI 20226,Autumn
SOCI 20233,Winter
SOCI 28062,Autumn
SOCI 28063,Winter
SOCI 28064,Spring
SOCI 29997,Unknown
SOCI 29998,Unknown
SOCI 29999,Unknown
MALA 10100,Autumn
MALA 10200,Winter
MALA 10300,Spring
MALA 20100,Autumn
MALA 20200,Winter
MALA 20300,Spring
TLGU 10100,Autumn
TLGU 10200,Winter
TLGU 10300,Spring
TLGU 20100,Autumn
TLGU 20200,Winter
TLGU 20300,Spring
BANG 10100,Autumn
BANG 10200,Winter
BANG 10300,Spring
BANG 20100,Autumn
BANG 20200,Winter
BANG 20300,Spring
HIND 10100,Autumn
HIND 10200,Winter
HIND 10300,Spring
HIND 20100,Autumn
HIND 20200,Winter
HIND 20300,Spring
MARA 10100,Autumn
MARA 10200,Winter
MARA 10300,Spring
MARA 20100,Autumn
MARA 20200,Winter
MARA 20300,Spring
PALI 10100,Unknown
PALI 10200,Unknown
PALI 10300,Unknown
PALI 20100,Autumn
PALI 20200,Winter
PALI 20300,Spring
SANS 10100,Autumn
SANS 10200,Winter
SANS 10300,Spring
SANS 20100,Autumn
SANS 20200,Winter
SANS 20300,Spring
SALC 20100,Winter
SALC 20200,Spring
SALC 20400,Autumn
SALC 20508,Spring
SALC 20702,Spring
SALC 20800,Unknown
SALC 20900,Unknown
SALC 20901,Autumn
SALC 20902,Winter
SALC 22900,Unknown
SALC 23103,Spring
SALC 25300,Autumn
SALC 25302,Winter
SALC 25701,Unknown
SALC 25704,Spring
SALC 27300,Winter
SALC 29800,Autumn
SALC 29801,Winter
SALC 29802,Spring
SALC 29900,Autumn
SALC 29901,Winter
SALC 29902,Spring
TAML 10100,Autumn
TAML 10200,Winter
TAML 10300,Spring
TAML 20100,Autumn
TAML 20200,Winter
TAML 20300,Spring
TBTN 10100,Autumn
TBTN 10200,Winter
TBTN 10300,Spring
TBTN 20100,Autumn
TBTN 20200,Winter
TBTN 20300,Spring
URDU 10100,Autumn
URDU 10200,Winter
URDU 10300,Spring
URDU 20100,Autumn
URDU 20200,Winter
URDU 20300,Spring
STAT 20000,Unknown
STAT 22000,Unknown
STAT 22200,Spring
STAT 22400,Autumn
STAT 22600,Winter
STAT 22700,Winter
STAT 23400,Unknown
STAT 24300,Autumn
STAT 24400,Unknown
STAT 24500,Unknown
STAT 24610,Spring
STAT 25100,Spring
STAT 25300,Winter
STAT 26100,Winter
STAT 26700,Spring
STAT 27400,Autumn
STAT 27725,Winter
STAT 28000,Spring
STAT 29700,Unknown
STAT 29900,Unknown
TAPS 10100,Unknown
TAPS 10200,Unknown
TAPS 10300,Unknown
TAPS 10500,Autumn
TAPS 10600,Spring
TAPS 10700,Unknown
TAPS 15000,Autumn
TAPS 15500,Unknown
TAPS 18600,Winter
TAPS 20100,Autumn
TAPS 21600,Unknown
TAPS 22100,Winter
TAPS 23000,Autumn
TAPS 23100,Spring
TAPS 23500,Spring
TAPS 23600,Autumn
TAPS 23700,Autumn
TAPS 23800,Winter
TAPS 23900,Spring
TAPS 24000,Spring
TAPS 24500,Spring
TAPS 25200,Autumn
TAPS 25500,Spring
TAPS 26000,Autumn
TAPS 26100,Autumn
TAPS 27100,Autumn
TAPS 27550,Autumn
TAPS 27800,Spring
TAPS 27900,Autumn
TAPS 28000,Spring
TAPS 28100,Winter
TAPS 28200,Winter
TAPS 28400,Autumn
TAPS 28401,Winter
TAPS 28414,Autumn
TAPS 28417,Autumn
TAPS 28429,Spring
TAPS 28438,Winter
TAPS 28442,Spring
TAPS 28443,Winter
TAPS 28444,Unknown
TAPS 28445,Unknown
TAPS 28448,Winter
TAPS 28452,Autumn
TAPS 28454,Winter
TAPS 28472,Autumn
TAPS 28500,Unknown
TAPS 28600,Unknown
TAPS 28700,Unknown
TAPS 28800,Unknown
TAPS 28900,Unknown
TAPS 29000,Unknown
TAPS 29100,Unknown
TAPS 29200,Unknown
TAPS 29300,Unknown
TAPS 29500,Unknown
TAPS 29800,Unknown
ARTV 10100,Unknown
ARTV 10200,Unknown
ARTV 10300,Unknown
ARTV 15000,Unknown
ARTV 21001,Winter
ARTV 21501,Spring
ARTV 21700,Autumn
ARTV 21900,Winter
ARTV 22000,Winter
ARTV 22002,Winter
ARTV 22306,Winter
ARTV 22308,Spring
ARTV 22500,Spring
ARTV 22502,Spring
ARTV 23801,Spring
ARTV 23804,Autumn
ARTV 23848,Autumn
ARTV 23900,Autumn
ARTV 23904,Winter
ARTV 23905,Unknown
ARTV 23920,Winter
ARTV 24000,Unknown
ARTV 24112,Winter
ARTV 24113,Winter
ARTV 24210,Spring
ARTV 24301,Autumn
ARTV 24405,Autumn
ARTV 24406,Winter
ARTV 24550,Autumn
ARTV 24553,Winter
ARTV 25300,Unknown
ARTV 26000,Autumn
ARTV 26201,Spring
ARTV 26214,Spring
ARTV 26500,Autumn
ARTV 26600,Winter
ARTV 26750,Spring
ARTV 27200,Unknown
ARTV 29600,Unknown
ARTV 29700,Unknown
ARTV 29850,Autumn
ARTV 29900,Winter
